Chapter 1,Chapter 2,Chapter 3,Chapter 4,Chapter 5,Chapter 6,Chapter 7,Chapter 8,Chapter 9,Chapter 10,Chapter 11,Chapter 12,Chapter 13,Chapter 14,Chapter 15,Chapter 16,Chapter 17,Chapter 18,Chapter 19,Chapter 20,Chapter 21,Chapter 22,Chapter 23,Chapter 24,Chapter 25,Chapter 26,Chapter 27,Chapter 28,Chapter 29,Chapter 30,Chapter 31,Chapter 32,Chapter 33,Chapter 34,Chapter 35,Chapter 36,Chapter 37,Chapter 38,Chapter 39
millions,instead,quote,million,animals,underneath,blouse,said,german,enormous,la,lot,percent,flour,gut,week,granted,eggs,foot,involves,bruises,rest,people,doors,directly,pages,butter,tried,setting,exchanged,let,tell,winter,candles,friend,look,said,archways,earlier
stupid,remember,flipped,questions,stuffed,bold,shoes,came,white,opened,piuma,oh,reduced,sugar,aber,afraid,minutes,apron,tapped,cleansing,vineyards,year,thirty,big,pedal,way,assistants,mother,glow,words,control,understood,scowled,pull,family,heartful,home,said,fingers
metal,fine,laugh,day,chatting,soft,clunky,table,home,door,sang,cheese,fat,eggs,today,things,later,taken,approval,ethnic,morning,grade,seven,stop,decided,left,pecan,year,half,came,passport,nodded,time,showed,right,entered,stopped,watched,changed
gate,actually,blank,called,away,eat,black,bitte,sounded,compartments,donna,grilled,milk,market,helped,examples,general,temperature,believe,policy,road,said,start,visible,come,cope,heard,wallet,shadow,drinks,step,mean,hate,middle,ready,smiled,dizzy,los,think
felt,happens,page,plane,like,little,called,hatte,confusing,previous,è,sighed,find,said,whispered,oldest,asylum,times,actually,population,walking,tonight,opera,shimmering,got,calls,ask,pulled,dinner,stop,avoiding,stopped,filled,cut,supposed,broadly,hand,let,suggested
million,end,picked,drive,old,know,followed,einen,means,riders,mobile,started,came,joy,officer,come,temporary,remained,owner,shelling,path,beginning,cost,time,like,having,teacher,country,huddled,cars,country,control,riding,hole,pager,imagining,pick,sides,appears
miles,hiring,pen,pair,friends,headline,bench,ich,poison,got,qual,eat,need,butter,said,mother,heard,steady,came,gold,father,handsome,meant,singing,maybe,sees,earshot,tour,great,slowly,like,backpack,going,plates,told,couple,groceries,ist,necklace
stared,better,p.,father,ask,weird,white,crypt,questions,sat,day,accidentally,fill,cake,american,asked,knock,holding,candles,hoop,away,thought,scarf,soprano,list,sat,store,language,sun,boy,read,noticed,explained,protect,buzzed,said,louder,asked,silver
strand,like,dj,seen,questions,want,apron,love,lots,attendant,pizza,sandwiches,refrigerated,birthday,visited,bright,door,spoke,pointed,looked,led,mom,black,presented,thick,desk,hmm,hour,face,marched,enter,feel,steps,fingers,appeared,weeks,bit,outside,cut
hair,sat,journal,dad,pocket,feel,like,handsome,felt,perched,dinner,crying,blueberry,clapped,line,founded,want,rapidly,light,casual,glass,little,dollars,humming,line,bike,said,died,today,bill,compartment,moving,petition,women,floor,car,man,walked,adding
place,sneaked,known,visiting,shooed,like,dirndl,egyptian,edges,end,tossed,stricken,raspberry,hands,shorter,way,receive,petted,room,time,went,symphony,told,understood,item,helmet,gelato,ask,time,schilling,water,passport,speech,wax,leave,forward,dentist,picked,instances
looked,tear,diary,going,pulling,house,blue,commander,rounded,pulled,communist,absolutely,apricot,buy,wait,maybe,star,moment,sneaked,jeans,told,like,hours,walked,drew,plenty,sundae,lot,decide,opened,corner,stole,residence,thousands,drive,looking,needed,water,page
mirror,maybe,rainbow,months,time,glanced,wearing,princess,bus,book,surely,looked,boxes,real,got,garden,protected,invading,walked,pea,home,look,seeing,people,kind,needles,golden,man,making,door,sat,purpose,tomorrow,girls,agreed,eagerly,cleaning,glass,better
combed,okay,covered,exasperated,plane,read,stepped,older,skinny,white,smoke,sob,gamely,apartment,fair,took,seriously,speckled,parents,green,got,instructed,barely,gathered,cliché,luck,butterscotch,book,guidebook,threw,briefcase,think,city,fact,able,meal,cavity,went,invisible
fingers,school,lost,hired,dj,boiled,summer,weeks,like,red,celebrate,people,search,german,home,bus,said,brown,direction,flees,sign,field,pictures,came,pen,pig,gave,wrote,turned,small,refugee,yelling,wanted,irritates,hopefully,paper,want,return,tired
separated,elementary,getting,sounded,p.,eggs,looked,thirteen,ask,wheel,going,paprika,helped,went,outside,cousin,lot,tan,welcomed,towns,hour,trip,flipping,went,remember,meant,bow,guy,look,child,figured,mom,plans,clothing,papers,glanced,long,bar,instead
salon,day,afraid,days,letter,home,told,fact,streetcar,flag,grilled,added,offend,socks,desk,wanted,worry,pure,weeks,eyes,half,fourth,took,listen,	,cope,circle,apparently,trying,ordered,muslim,said,meet,strange,bring,opened,suggested,joined,work
come,single,map,austrian,received,tell,red, ,looked,bench,cooking,stopped,accidentally,dry,know,recital,things,intestinal,listen,leather,wore,awful,german,summary,learn,know,help,fact”—dad,decided,barreling,knew,called,house,defiled,center,think,stay,pointed,yes
sleek,packed,scenario,stockings,door,happy,said,captive,asked,world,cheese,finally,thinking,bag,stepped,study,started,track,visiting,said,main,sweat,dollar,page,ride,good,having,explained,freezer,minutes,hold,long,evening,killed,detention,awkward,little,handed,addition
line,mom,pulled,compression,fair,chickens,different,beautiful,pushed,rates,dreams,giggle,candy,looked,boots,languages,change,probably,wanted,kindly,internal,lange,coin,sat,bike,come,trouble,hurried,portable,train,face,time,years,muslim,a.m.,better,filled,came,tag
right,lunch,finally,ugly,followed,problems,houses,opera,open,homicide,wanted,continued,like,way,cousin,said,end,mean,dad,stuck,absolutely,eine,schilling,bench,spoke,mean,class,door,connecting,said,trying,locate,gave,seeing,copy,odd,way,courtyard,dialogue
came,cookies,control,long,paper,salmonella,new,gotten,door,meine,cast,fake,smelled,bus,live,zombies,status,cow,people,pocket,detailed,recover,held,food,minute,remembered,led,square,crosses,nodded,man,plane,ago,believe,hour,turned,maybe,surrounded,places
life,idea,bit,reveal,folded,room,developments,locked,driver,exclaimed,onion,study,month,later,words,hang,apparently,white,tables,blazer,storage,kindly,rainbow,stands,crossed,p.,walked,seconds,man,right,bald,ride,dad,simply,ball,brother,near,curved,nodding
want,chip,little,trousers,station,large,father,eine,cursed,reminded,knife,hundreds,skim,weeks,language,glimpse,came,degrees,long,leaving,unit,sides,color,lining,things,hate,little,spare,waiting,passport,completely,step,walked,raped,tomorrow,twin,walk,showed,characters
sweetie,months,feel,black,train,big,lived,funny,red,traveling,notice,orange,spent,turning,police,caught,sighed,turned,paneling,family,community,friend,swirls,plates,o’clock,maybe,father,morning,stood,avoid,minute,listener,resistance,mutilated,speeches,reunited,took,smiling,query
mom,announcement,ground,lives,chime,plenty,crumbling,look,gestured,carnivals,look,american,anxiety,evening,german,number,happen,family,wooden,yeah,kept,people,purple,watched,position,landmarks,party,early,investigate,getting,said,nibbling,austrian,performers,given,finally,tickets,soon,global
straightening,heard,took,leg,county,thickly,hundreds,marched,car,old,pitying,stuff,jam,came,crisp,parks,strange,chicken,door,class,bikes,strange,check,chunks,question,planning,mom,train,waved,wet,illegally,cookie,demonstrate,sound,denied,time,enthusiasm,arrived,like
stood,little,able,rolled,car,great,years,old,study,rides,like,little,italian,friend,clear,large,work,nice,tied,dancing,push,needed,boarding,bread,exhausted,ride,law,leave,looked,waited,saw,hurt,mom,sister,received,laughter,i.,wore,change
allergy,feel,heights,took,led,butter,old,lady,immediately,looked,looked,finally,place,left,question,came,percent,like,twigs,ballroom,right,truth,passes,combined,repeated,dance,group,plan,bridge,maybe,necklace,watch,right,days,day,hugs,working,cake,virtually
black,started,scared,doors,summer,minutes,remembered,needles,teacher,like,big,home,luckily,serbian,asked,effort,applicants,bacteria,bundle,teen,foot,tail,times,ingredients,rest,register,demonstrated,weeks,middle,like,found,teach,sixteen,talked,involved,reunion,find,got,said
slacks,minute,suggested,unfortunately,neat,spread,note,ball,cream,inspected,decapitate,tiny,liked,snipers,walked,paused,actually,shaped,cabin,signed,factory,hundreds,dress,took,stood,right,curtsied,couple,view,opera,speaking,tried,rode,statue,waiting,kind,cross,eyes,word
job,sure,started,page,block,cherries,month,yarn,ice,said,new,black,peppers,moved,like,chewing,east,rod,bit,shirt,bought,going,match,bows,hushed,studio,toasted,gets,like,standing,hands,babysitter,bikes,far,percent,face,flour,stepped,especially
interview,offended,maybe,opened,letters,plate,waiting,words,italian,years,song,sesame,switched,started,sound,end,closest,mind,reminded,asked,beautiful,big,ahead,joined,circle,feel,open,turned,eager,movie,held,need,a.m.,stand,entire,like,lugged,looked,smiled
crisp,thought,new,seven,written,cold,sign,gave,friend,lowest,started,seeds,plates,targeting,handed,pen,western,according,scheduled,jacket,red,number,stand,good,read,route,ball,cockroach,ahead,tomorrow,worked,interrupting,missed,older,city,spoke,laughed,fitting,repetition
dark,needed,child,prevent,suche,cuts,pole,practically,lessons,austrian,sounded,went,loaf,bridge,man,thought,wish,egg,afternoon,linked,wineglasses,list,going,minutes,oh,class,repeated,house,rushed,milk,maybe,tea,stared,spot,population,real,hope,professional,avoid
feet,babysitter,handle,blood,und,salamis,smoke,house,guess,streetcars,cd,said,dark,ate,clipboard,green,taken,black,couple,arm,bye,eating,got,meant,thank,journals,understand,reminded,come,trying,think,stirring,dance,finally,heard,added,doubted,took,watched
thought,excited,case,knew,long,hams,kill,window,surprised,like,moved,better,small,showed,small,live,police,specks,friends,daughter,bike,snake,said,told,goodness,bus,ice,parts,edge,friends,page,summer,class,festive,home,trees,fear,dad,instance
bounced,having,worst,know,mean,basket,need,boxes,yesterday,speaking,gone,found,rolls,marks,voice,muslim,station,cream,neighbor,sense,mom,sit,bit,tore,said,display,groaned,style,looking,school,way,good,pretty,like,week,woods,benches,gloves,shake
earlier,weeks,think,told,said,round,led,learn,arrived,reading,remembered,friend,round,saved,went,violin,meeting,colored,going,curiosity,	,eats,schillings,gentle,bed,morning,austrian,grand,let,argued,train,daughter,getting,course,smiling,woman,list,tails,police
months,wo,fears,country,day,rolls,properly,watch,happily,couch,phone,happily,austrian,play,woman,play,countries,feathers,log,father,learn,greek,costs,guy,know,got,painter,buildings,hands,coffee,wait,explained,fourth,celebrate,got,came,sat,tie,times
moved,come,write,think,drive,poppy,trash,constitution,said,sitting,stood,got,traditional,hills,complimented,neighbor,number,sisi,chattering,rolled,ride,think,ticket,thought,simply,flipped,pillows,cobblestone,cone,handing,sneaking,sighed,sat,poor,later,understand,like,white,kids
pong,gives,psychologist,closed,fighting,seeds,sort,und,gesehen,father,mom,control,pizza,toy,instructions,dog,city,spotted,loudly,bring,bleeding,circle,airport,lame,answer,read,velvet,streets,getting,new,broke,away,phone,found,kitchen,folder,propelled,mother,parents
ball,chocolate,configuration,eyes,family,cheese,envelope,assumed,called,pictured,talk,beetles,different,week,series,guess,crossly,thermometer,language,idea,notes,looked,way,sings,write,entry,blue,paint,ice,danke,threw,tucked,day,socially,birthday,whispered,threshold,like,black
finally,couple,said,believe,stayed,container,handed,different,grüne,place,player,fridge,current,hairdresser,rattled,sense,perfect,combs,spun,pure,page,cute,waiting,feels,finally,trying,windows,went,cream,einen,away,safely,called,inside,signatures,older,ride,tickets,refer
ran,finished,writing,muslim,answered,honey,short,collection,die,nanny,country,swimming,types,aunt,papers,trying,different,die,circles,game,thing,lock,set,like,gave,eat,surrounded,yellow,nose,woman,spoke,pass,announced,money,million,forth,estimated,door,plural
steam,penny,arranged,diverse,reporter,carafes,exchange,essays,habe,gotten,frying,tomatoes,got,inches,stamp,continuously,country,woman,singing,board,buy,green,standing,game,sleeping,raw,exclaimed,took,lick,meine,bosnian,station,marched,people,think,long,hold,waved,consistency
anxiety,thoughts,sixth,containing,way,coffee,bill,movie,hallo,breaths,pot,bacon,fiber,mother,good,operated,day,list,football,boys,afternoon,hair,remembered,kids,picked,eggs,placed,called,loudly,exclaimed,took,pulled,big,demonstrating,tile,papers,people,formalwear,gold
page,told,mean,bosnian,going,hot,break,guys,ounces,taught,father,strange,taste,missed,visible,zoo,told,item,team,sweaters,helmet,sparkling,techniques,play,good,diaries,padded,street,scolding,let,money,hour,open,tonight,heels,taken,easily,dancing,reserved
listed,pennies,use,school,year,chocolate,glove,written,p.,takes,meaty,cheeses,practically,sniper,hand,world,dinner,cross,started,bunch,head,late,women,goose,sitting,obviously,got,tiny,woman,passageway,dumped,soon,space,rights,click,deck,wheel,jitterbug,usually
attack,called,lines,learn,bags,midnight,stuck,encourage,agreed,sure,thick,tasted,nutty,staying,shoulder,leave,spaghetti,good,listed,got,long,afternoon,jeans,bumps,couch,tourists,apparently,grounds,said,ran,purse,train,center,privileges,finally,sat,root,hand,hoop
recommended,soft,comeback,minute,picked,try,pocket,states,dj,wet,stirring,bowls,turning,got,upset,special,evening,felt,intently,speeches,squished,sun,sweaters,audience,nodded,reached,home,located,hill,line,trash,jumped,march,expecting,stamp,stared,canal,squeezed,earrings
spot,crackers,different,later,years,tomorrow,dress,ratify,places,towel,aprons,removed,amusing,thing,temperature,organized,official,possibly,politely,book,like,thoughts,crossword,figured,best,stops,going,distinctive,broken,glanced,american,imagined,foot,family,page,wall,felt,hallway,peeking
goodness,butter,bunch,snoring,looked,afraid,cut,falls,new,tried,matching,reddish,thick,dye,dropped,slowly,asylum,brightened,minute,gave,okay,went,puzzle,stains,news,good,days,certain,normal,thick,passports,looked,times,parents,second,serbian,decided,spun,shoulder
like,peanut,wrote,small,misunderstood,work,headshot,called,visiting,squeeze,wearing,kept,little,hair,felt,month,american,face,thought,gardening,insisted,loop,boxes,supertitles,sighed,asked,sort,legal,afternoon,morning,worth,pretty,tour,little,arrived,course,garden,ran,couple
motorized,slices,idea,nanny,age,morning,daughter,plot,rule,water,standing,yelling,children,forth,degrees,ago,opportunities,told,interested,start,think,ancient,levels,feel,looked,believed,famous,know,water,long,lot,disheveled,night,brothers,offices,vouch,going,explore,moved
fries,apple,removed,glorified,olds,bike,pulled,like,followed,movies,kitchen,favorite,took,walk,soon,invited,eastern,said,party,early,left,ready,return,real,fix,dj,thought,passed,breeze,gone,black,hours,coming,mom,needed,demanded,seven,tricks,wrote
went,bag,safety,babysitter,bringing,apricots,man,bit,break,original,dad,things,drank,dog,love,pet,began,bed,knew,plant,walk,tonight,tickets,paid,situation,opened,bit,laws,cooling,time,market,trekking,dancing,dad,open,daughter,explained,magic,starting
oh,inside,bottle,usually,thanks,pastries,trouble,sounded,lunch,language,cooked,eaten,found,thank,heartbeat,animal,eyes,looked,apparently,tomato,breaks, ,deciding,$,austrian,plan,iced,german,faces,rest,realized,town,blah,list,disappeared,nodded,mother,couple,sentence
better,card,candy,pulled,hug,table,woman,disappointed,hungarian,german,runs,arriving,fell,dark,universe,police,west,labeled,song,mom,want,happy,amazing,suddenly,soda,okay,coffee,marks,arm,woke,touristy,took,tapestries,vulnerable,minutes,saw,happen,dance,numeral
invented,calling,blade,gerbils,big,food,took,watched,city,subtitles,river, ,semmeln,room,ethnic,literally,political,und,folk,told,stop,love,tickets,transported,tasted,simply,vanilla,british,castle,conductor,places,story,rooms,feeling,pulled,translate,miniature,floor,similar
think,asked,razor,thought,gave,father,taken,summer,coaxed,dubbed,minutes,laughing,downtime,heard,background,summer,explained,asked,launched,gift,grin,later,mean,castle,lot,worried,cream,pounds,moment,check,begun,notes,lots,section,explained,wanted,laid,minute,changes
got,baked,seal,backward,ran,filled,dad,suddenly,great,american,left,smiled,build,tonight,important,residence,situation,expectantly,nodded,certificate,said,floral,thought,schillings,like,minute,corner,cemetery,later,tickets,heard,probably,castle,captain,searched,goulash,counting,way,paragraphs
lumbered,airport,finding,counted,giant,dozens,airport,looked,pocket,likes,sightseeing,yeah,telling,carefully,law,royal,arrived,watching,said,english,suggested,courtesan,jumped,said,ginger,bug,booth,pretty,old,handed,woman,gone,like,children,room,yesterday,helped,black,comment
cold,ago,grader,animals,hey,ceramic,right,drugstore,postcard,imagine,remember,cup,overheard,sleep,explained,family,freedom,confused,german,language,quick,parisian,opened,hands,thank,journal,specialty,layers,true,took,thing,entire,good,sang,said,today,ran,picture,mentioned
frolicking,overheard,bus,ditched,friendly,gnomes,left,store,pulled,english,night,tea,chatted,think,barely,ruled,economic,pick,definitely,included,wants,blue,office,started,whispered,bought,almonds,bodies,phantom,sip,moaned,like,said,avoid,goulash,pass,waiting,snapped,defines
flying,telling,felt,finally,home,dog,city,sell,informed,theater,bombs,sat,increased,rebellion,found,got,agencies,people,little,spell,riding,story,white,sweat,better,catastrophes,shop,ground,gently,spoke,started,tomorrow,infamous,music,tasted,salt,room,skirt,length
started,mom,woozy,snores,hung,looked,suburbs,paper,citizens,big,fell,couch,tired,teenage,job,seats,residence,milk,group,know,borrow,print,box,wiped,eventually,hospital,welcomes,living,construction,crept,speak,slowly,cold,paper,info,nice,ripping,adjustment,p.
friend,buy,guides,dainty,stupid,clock,admitted,café,parents,scene,frozen,chatting,believed,sort,send,perform,quotas,patting,invited,times,yeah,dress,p.m.,new,works,took,years,room,began,accent,quickly,turned,come,covered,passport,younger,covers,final,worth
mean,tickets,survival,soft,best,dresser,word,remembered,came,returned,stove,worked,firmly,stairs,added,ballroom,sorts,big,fluent,change,arm,months,precisely,blue,insisted,head,moment,kitchen,wide,gute,thanking,radio,asked,extending,asylum,door,magazines,list,definitely
trip,birthday,welcome,counting,teenager,past,english,way,years,smiling,pan,mopped,twice,door,heavily,dancing,looking,animal,spoke,guy,wanted,sweetheart,showtime,leaving,friend,instead,chattered,monuments,lay,café,sure,switched,information,bows,better,grandmother,liked,item,buying
summer,probably,ice,ago,offering,umbrella,know,things,ago,roller,tv,seated,week,closed,accented,buses,like,urged,eighth,went,tonight,neck,minutes,music,walked,early,saw,table,stone,open,nochmal,light,sneaking,couple,bugs,absolutely,obviously,bus,mouthed
years,nervous,teased,began,suggestions,tiny,house,know,gelato,coaster,lady,table,danced,whispered,visit,passage,felt,tell,grade,germans,start,skirt,eighty,eye,bus,participate,chatting,historical,exactly,second,dream,went,fashioned,extra,photo,german,longed,moment,help
divorced,stay,twist,break,wonderful,watering,look,coffee,shop,forced, ,came,games,green,year,safe,left,ponytail,got,peoples,pedals,little,sale,level,village,advanced,leaf,visit,a.m.,gap,little,room,old,minutes,glad,explain,standing,waiter,pointed
happily,thing,chocolate,apart,classes,ride,arm,ordered,explained,stand,bet,stairs,playing,assumed,pointing,negotiated,legal,stick,violin,different,o’clock,cap,window,bow,airport,group,dad,like,ninth,jump,crazy,know,dull,away,head,going,weeks,carrying,gambling
they’d,want,parents,states,attends,wearing,gardening,mistake,trust,hey,tired,bit,spend,eighteen,door,organization,persecution,close,played,taped,position,tells,line,rearing,territory,found,left,american,thirty,car,sind,lucky,thinking,festival,thank,little,held,tray,changing
father,waste,doubtful,declaring,accent,baby,tries,time,people,film,years,warier,afternoons,little,hall,brother,cover,home,everybody,flyer,sling,pack,received,horses,held,regretting,big,dollars,river,pay,hier,silent,kept,getting,goodness,distance, ,ups,hair
backpacking,money,pretty,independence,british,diaper,supposed,love,pay,poster,matter,patted,counter,mom,green,wrote,water,blond,sang,remembered,going,man,slid,statues,crying,offer,embarrassed,situation,gracefully,followed,nein,shrugged,studio,injured,looked,people,work,grown,set
grandparents,rattled,truthfully,fighting,slight,grandpa,visiting,exactly,ticket,movie,wanted,kindly,ripen,ice,station,handwriting,added,glasses,happy,names,concert,break,red,copper,little,beautiful,showed,different,stretching,,began,exclaimed,left,stampeding,hands,family,morning,wrapping,wall
tried,head,friends,years,visit,beard,seconds,soap,throw,watched,iron,exclaimed,days,cream,old,neat,pot,come,birthday,amazing,salesman,reputation,game,green,home,sketch,house,allowed,arches,,thought,finally,telling,worthless,shook,signature,day,ball,month
visit,gumball,talk,broke,places,cane,later,favorite,away,rocket,pure,jumped,sit,eye,luck,careful,placed,girl,like,movie,came,bad,chess,stores,singing,number,son,purchase,sixteen,,cars,handed,late,regardless,tapping,need,drove,gulp,fixed
wanted,machine,relax,course,headscarf,mess,corner,mom,trash,ship,summer,chair,let,picked,pigs,pair,counter,short,ones,return,,son,floor,wrong,year,sure,like,land,need,,stopping,phone,showed,citizens,manicured,probably,rest,drank,sort
point,system,vanilla,speak,instead,mom,staring,cover,correctly,dip,catholic,fast,eat,purse,plastic,au,carton,rest,school,day,,leave,sat,night,wanted,protect,gold,new,girl,,bathroom,sounded,born,lot,nails,asked,type,corner,feel
written,grandparents,cream,hire,wimple,hands,watch,pink,watching,turn,kids,knocked,ready,trucks,half,hire,eggs,day,waited,town,,father,men,opera,birthday,idea,liked,soil,feet,,german,horrified,german,unemployed,palm,hairbrush,person,waltz,kid
plan,strength,war,au,wanted,steady,sure,knew,learn,booth,presents,water,sweet,brother,makeup,money,took,fresh,arrive,small,,declares,old,complete,morning,flashed,translated,old,long,,checking, ,language,blind,demonstrations,clothes,window,bench,interest
told,gaining,kidnapped,word,sure,brought,sightseeing,place,ballroom,selling,sit,glass,juicy,day,normal,pay,itchy,hay,paced,big,,says,firmly,times,getting,mind,parents,graves,month,,quick,okay,father,outside,red,actually,prevented,found,ballroom
distract,abbey,exclaimed,version,kept,sunglasses,thirty,appeared,took,tickets,riverbank,guffawed,sure,gone,chain,explained,large,tiere,pulled,city,,wanted,acoustics,cast,dressed,rainbow,journey,reused,decorated,,fast,police,painted,borders,applied,wisely,kid,ballrooms,dancing
town,leaves,worries,zone,light,peanut,minutes,modeled,yes,noticed,friends,arm,reading,marched,crescent,friends,numbers,pen,book,half,,marry,best,stomped,caught,hot,pretty,piece,shimmery,,murmured,talked,slogan,millions,friendly,room,stood,collided,recast
kid,hesitantly,collection,exactly,chattery,able,today,diner,e,towering,long,stew,board,watched,necklace,met,posture,club,huddled,million,,family,offers,feet,sight,pink,easy,think,day,,walked,glimpse,married,struggle,casual,women,line,drinks,credibility
machine,starting,reference,horrible,conversation,year,underwear,complete,fifth,stared,noticed,kitchen,weeks,eat,tucked,office,upright,threw,fire,people,,threatened,room,longing,small,page,aid,important,golden,,time,understand,english,survive,different,know,looking,secluded,italics
ray,sound,cheerily,things,mom,hung,rid,checkerboard,letter,written,home,seat,water,,away,newspaper,sat,took,cold,governor,,ride,popular,picked,cursive,doodling,kit,jewish,sunlight,,paid,minutes,officer,bishop,recognize,claim,poster,measures,head
bones,imagined,creating,happening,telling,started, ,tiles,alphabet,home,muslim,hug,couple,,hidden,months,cheese,hills,night,means,,person,observed,poster,bruises,started,backpack,big,late,,pulled,arriving,allied,told,quarters,brought,week,played,ago
photos,dared,filled,young,climbed,cry,hour,stainless,stands,week,lived,gross,single,,shirt,worked,parmesan,outside,grandmother,literally,,sleeves,happen,printed,thigh,new,room,raised,span,,backpack,ended,people,group,folded,finally,join,orchestra,works
bazillion,things,turned,women,near,stove,,steel,minute,week,good,heated,shopping,,translate,cake,block,nose,lives,month,,young,bitte,singers,imagine,kit,benches,feet,intervals,,aid,tomorrow,yell,said,photocopies,jail,opera,instruments,according
took,adventure,stockings,short,pretty,a.m.,,alles,realize,parts,toothache,big,grocery,,opera,headscarves,grated,join,aunt,organizing,,disown,counter,thin,hope,water,cubbies,little,giving,,kit,mother,tell,remember,woman,guard,streetcars,poking,holding
story,longed,compression,beginning,affect,rummaged,,booths,wall,day,know,frying,sixteen,,italian,means,plated,loud,start,friends,,casino,turn,newspaper,think,bottle,underneath,grinning,year,,nodded,wall,home,crowd,read,bridge,went,appeared,tourism
dad,ear,dug,reminded,won,cabinet,,plastic,read,fun,baby,pan,going,,tiny,wear,watched,let,time,lecture,,breaking,$,advertising,pushed,map,belongings,skeleton,believer,,rummaged,clock,pointed,thought,house,thinking,cup,trumpeters,decades
women,softly,keds,living,bosnian,pulled,,floor,outraged,felt,accident,best,pay,,gives,building,foreigner,chickens,fifth,geography,,slowly,bright,gotten,right,backpack,beginning,rang,numerology,,feet,work,forces,small,divided,kept,broke,respond,hanging
pregnant,near,kicked,war,little,jar,,chocolate,marched,singing,car,page,local,,told,hill,fun,bus,speak,middle,,yelled,feet,waltz,foot,packed,week,bell,thought,,elevate,week,occupying,waved,distracted,right,measuring,having,eye
babies,sang,time,fancy,russian,half,,door,reminded,starts,mainly,pounds,calls,,worry,serbian,instead,spoon,austrian,night,,heart,austrian,plot,says,slowly,bunch,things,auspicious,,person,faces,war,places,book,cleared,giving,second,looking
people,hug,diaries,instead,german,size,,order,speak,randomly,died,like,minute,,sports,checkpoints,vice,finally,sounds,airplane,,pounding,equal,slow,imagined,leave,young,says,formed,,lay,shook,message,slashed,written,table,deep,saved,sketch
old,pulled,nuclear,airport,war,smallest,,pretty,resistance,character,middle,year,mornings,,playing,roads,versa,got,patio,vigil,,time,brave,yelled,stopped,wrote,couples,currency,palindrome,,scared,stop,passing,apart,started,helped,breaths,smiled,desk
problem,courage,guess,asking,french,buy,,whispered,austrian,awkward,yes,bugs,routine,,wear,rebecca,permission,isolated,hysterically,candlelight,,followed,decision,sweet,starting,day,perform,bazillion,placed,,feel,corner,messed,grenades,seen,dishes,glass,kissed,remained
day,literally,explain,coming,perfect,leftover,,hot,symbol,right,serb,serving,day,,steps,roman,live,house,place,protest,,syllables,needed,cheered,sing,aid,dance,pictures,statues,,drinks,store,accidentally,reject,days,moment,money,cheeks,soda
foot,road,lunch,little,speaks,roll,,neon,history,think,guests,ladlefuls,plug,,standing,hide,immigrate,sign,juice,theater,,rebecca,second,,way,eye,laughed,require,siberian,,,grocery,snapped,point,lobby,questions,place,turned,woman
x,ordered,forgetting,remember,spoke,breakfast,,ordering,forming,ones,room,thick,humming,,pretty,helped,fine,read,sparkling,forget,,gone,thick,,find,caught,ballroom,citizens,selling,,,twice,cream,view,sighed,ask,pointing,realized,boy
floor,heart,facts,thing,signs,sliced,,awfully,ring,regulated,things,translated,jumped,,minute,rest,dad,weekend,wine,bike,,sings,topics,,head,said,basics,register,surplus,,,lapsed,cheer,continued,piled,good,things,luckily,poster
room,shaped,math,little,left,love,,cynical,defend,heavily,picking,gave,minutes,,took,foreground,morning,following,new,ride,,night,changing,,jewish,course,completes,clock,items,,,bus,paint,member,car,drank,gave,paired,skeleton
locker,pancakes,learning,dozed,airport,p.m.,,year,invaders,pretty,knock,cone,boiling,,actual,informed,months,scheduled,pitchers,learn,,opening,believed,,humanitarian,blocks,gather,higher,wore,,,therapist,symbol,parliament,driving,tell,package,story,actually
surfaces,strawberry,gym,hours,think,unusual,,planning,gave,parks,door,pine,fountain,,inside,number,good,corn,rearranged,days,,mainly,poor,,society,street,lawyer,remembered,new,,,inside,ice,rile,knew,afternoon,candles,fanfare,visible
contaminated,sauce,jungle,couple,hope,sure,,,golden,amusement,ago,kids,singing,,girl,true,effect,yellow,arranged,think,,steamboat,accent,,address,practiced,meeting,dream,shade,,,gestured,bike,emotions,roads,late,spoke,trumpets,time
touching,going,better,coffee,come,cup,,,left,deep,sixth,dinner,sightseeing,,feet,vast,went,born,instructions,sign,,cousin,started,,arrived,book,holding,shopping,hat,,,flowers,visit,leave,best,home,gone,circle,pop
caught,fly,falling,forgotten,comes,edge,,,happened,alles,blanket,awful,errands,,looked,palace,law,watched,calling,p.m.,,felt,calculation,,letters,phone,maybe,live,sweat,,,little,soon,problems,inside,address,spilled,finally,window
viruses,drop,school,flights,safe,second,,,speech,finished,curl,sound,run,,age,jewish,immigration,chess,dress,fridays,,sang,quick,,formed,afternoon,took,paraded,outside,,,sign,guess,unsolved,sheets,formality,meant,march,ring
caused,spend,worried,door,girl,looking,,,marching,whispering,turned,thinking,bench,,stone,evacuations,summer,person,black,meets,,guys,shoving,,nervous,minutes,teaching,apostle,apartment,,,wooden,gotten,unmoved,paper,sign,cake,windows,bell
warts,traveling,cone,right,plain,glimpse,,,ketchup,pages,sleep,help,bread,,money,community,time,annoying,familiar,listening,,dudes,pushing,,admitted,later,split,community,ran,,,passing,came,remain,left,plastic,words,opening,hour
section,pick,promised,correspondent,salt,old,,,face,fan,rainbows,arrived,nearby,,salary,head,having,austrian,orange,pen,,hoped,apparently,,milk,came,fruit,bunch,buy,,,round,instead,german,folding,bag,,men,worn
children,way,given,tea,mines,caught,,,sure,plays,want,tired,thirteen,,fun,society,permit,mother,monarch,handed,,remembering,trying,,contained,downstairs,ordered,opened,little,,,grass,spent,think,chairs,times,,women,people
happy,home,attack,commercial,rent,mean,,,old,pockets,upset,pretty,year,,buildings,humanitarian,officially,father,fluttered,coaster,,tape,went,,healthy,carrying,bei,windows,place,,,gnomes,arrived,majority,concrete,belongings,,young,view
week,groschen,worry,cool,castles,nudity,,,barely,hands,neighbors,know,asked,,air,complete,allowed,lived,spot,paper,,occasionally,like,,recreate,polka,willkommen,chimed,visited,,,glanced,seven,certain,block,voice,,tuxedo,term
,skipping,anymore,buildings,tour,funny,,,told,kept,allowed,cutting,pepperoni,,conditioning,formal,citizens,left,reserved,passed,,movies,wheel,,felt,dots,month,figurines,spell,,,door,p.m.,petition,corner,low,,rent,slur
,liked,notice,final,completely,letters,,,functioning,age,associate,dishes,disappointed,,bosnian,gardens,thing,gave,languages,pair,,weekday,head,,tonight,red,problems,smoothly,painting,,,led,went,sign,returned, ,,nodded,considering
,nazis,average,phone,returned, ,,,statues,girl,anymore,eating,discover,,need,maze,write,handful,kids,au,,afternoons,,,sent,wanting,probably,gone,purchase,,,small,,suddenly,suche,minutes,,translated,avoiding
,rest,like,visit,smiling,gate,,,multiple,boy,dates,actually,special,,solid,fake,hard,red,butterfly,cover,,portion,,,evacuations,world,evening,said,artists,,,recycling,,know,ich,patient,,started,ran
,year,right,cars,asked,american,,,roof,teenagers,change,remembered,rarely,,rocks,okay,new,ran,sounded,agreed,,extra,,,paid,hours,invitation,faces,discussion,,,opened,,offense,airport,okay,,talking,sodas
,visit,ending,actually,course,embarrassed,,,green,stroller,butterflies,,lapsed,,built,planned,soviet,pet,woman,guests,,plot,,,woman,couple,whispered,built,got,,,cuckoo,,schools,posted,unclear,,whispered,came
,summer,fifth,socks,agreed,um,,,building,sleeping,galaxy,,means,,noticed,things,scientists,beim,talking,mingle,,dance,,,help,rain,moved,twins,lot,,,edges,,students,flyer,headed,,ear,yelling
,teacher,grade,wear,dorky,think,,,large,toddler,far,,event,,lunch,speak,year,color,explained,gently,,brought,,,sneak,stop,girl,double,dog,,,painted,,speak,copies,vineyards,,expected,left
,work,drive,	,grinned,cooked,,,reached,mother,away,,work,,big,wheel,trickle,groups,birthday,oh,,waitress,,,land,cows,asked,bed,like,,,bins,,perfect,extra,pretty,,home,thanks
,lying,friend,french,seat,long,,,finally,ich,chopping,,time,,pinned,hated,fleeing,drinking,told,sat,,cocktail,,,brought,chickens,waved,king,sparkled,,,helping,,differently,found,bad,,find,point
,definitely,nicknamed,term,squeezed,challenge,,,ones,irgendwie,line,,poured,,hair,wheels,artists,dappled,families,listened,,met,,,asked,raining,new,bedrooms,kid,,,people,,saw,drawer,read,,dustpan,root
,time,stuck,tried,sound,good,,,smaller,guy,city,,glass,,barrette,turning,repressive,light,called,nodded,,senior,,,peacekeeper,usually,partner,chocolate,sat,,,recommend,,evening,small,hard,,brooms,hours
,gotten,kid,control,group,summer,,,middle,meant,grew,,went,,ear,know,regime,flowers,taking,finally,,bit,,,forces,little,old,dipped,,,,year,,pulled,table,believe,,scene,actions
,plane,kick,capital,find,spending,,,big,nearly,rid,,thought,,eyes,looking,,overflowing,presents,pointed,,bought,,,connected,pretty,building,dial,,,,ask,,moment,dresser,seen,,descended,separate
,seven,game,lived,hostel,o’clock,,,archways,sit,republics,,given,,opened,safest,,boxes,arrived,starts,,case,,,serbian,today,marble,finally,,,,pills,,sight,definitely,sure,,coming,break
,engagement,birthday,news,walk,thought,,,church,minutes,finally,,cream,,proud,called,,business,placing,sighed,,dj,,,sound,refused,decent,alles,,,,feeling,,let,approximately,hear,,waiters,canal
,schedule,hand,region,oriented,said,,,buildings,moving,gotten,,kettle,,thick,items,,proudly,table,actually,,try,,,seen,dogs,dancer,announced,,,,way,,scared,und,list,,tinkling,exclamation
,intellectual,seats,killed,tomorrow,cheek,,,past,stopped,terrified,,electric,,dense,eat,,princesses,cake,short,,bike,,,continued,cats,rolled,late,,,,bad,,close,attend,week,,finished,added
,architecture,aisles,perspective,extremely,kissed,,,takes,care,today,,toast,,led,let,,went,baked,walked,,home,,,tea,let,eyes,afternoon,,,,million,,stuck,planning,old,,glasses,glass
,house,international,serve,introduction,shirts,,,number,dots,evening,,imagined,,kept,bridge,,sliced,sat,years,,riding,,,sip,draw,oh,ones,,,,years,,left,families,got,,links,bottles
,switching,flight,dropped,imagined,handed,,,streetcar,look,wheel,,basically,,breaths,mean,,customers,cried,plan,,refused,,,serb,cute,actually,gotten,,,,thought,,aside,stood,ago,,cuff,wailed
,weekends,increases,week,party,neon,,,instead,people,dance,,german,,deep,stays,,serving,standing,step,,p.,,,took,,owner,dinner,,,,page,,birthday,facts,village,,cummerbunds,end
,knew,risk,different,barely,pink,,,inner,talking,partner,,threw,,long,walk,,butter,satisfied,outlining,,sounded,,,outskirts,,told,older,,,,au,,package,dinner,falls,,version,previous
,wanted,home,views,seven,clothespins,,,street,bad,bridge,,pegs,,heard,cream,,window,clumped,petition,,exactly,,,hills,,added,representing,,,,pair,,long,stairs,love,,exclaimed,going
,response,developing,peace,gone,met,,,majestic,waiting,buys,,evenings,,streak,ice,,chatting,corner,states,,okay,,,draped,,honor,sun,,,,kidnapped,,white,toothbrush,milkmaid,,passing,told
,finally,sprinkles,trees,local,dryer,,,wide,came,ice,,alternate,,morning,tolerate,,patted,approached,trying,,morning,,,cup,,great,moon,,,,caught,,twinkling,doable,letter,,disco,weeks
,mumbled,tried,,meet,asked,,,built,starred,cream,,eating,,flight,learned,,came,cowgirls,added,,v.,,,five-,,expertise,giant,,,,asked,,darkness,march,went,,slowly,mystery
,yay,week,,morning,moment,,,tore,set,incident,,dinner,,stop,friend,,balconies,continued,multicultural,,working,,,bottles,,areas,cathedral,,,,ones,,night,friends,coffee,,think,beauty
,known,supplies,,hand,walked,,,anymore,birthday,walk,,having,,waiting,year,,minutes,boring,society,,called,,,paraphrased,,traffic,central,,,,emergency,,taking,night,cup,,promptly,world
,amazing,heard,,girlfriend,kitchen,,,need,practice,week,,bigger,,busy,understand,,thick,story,printed,,started,,,studied,,oncoming,courtyard,,,,decision,,spark,picked,months,,foot,matched
,coffeehouses,going,,thought,laughed,,,powerful,skills,time,,meal,,stairs,language,,bread,favorite,hungarian,,lunch,,,couple,,safe,ruled,,,,left,,plugs,attended,broke,,spent,unfortunately
,center,food,,beamed,oh,,,strong,cooked,year,,trip,,run,written,,cautiously,walking,age,,words,,,letter,,cars,day,,,,,,beauty,receiver,ate,,getting,luck
,nanny,nonperishable,,pumping,insisted,,,mid-1800s,feeling,studio,,room,,lived,listed,,dark,accidentally,carefully,,love,,,envelope,,parked,sightsee,,,,,,car,dance,followed,,cheered,finding
,routine,list,,began,outside,,,towers,line,unlike,,living,,grand,eventually,,wooden,salt,delighted,,good,,,shoulders,,fallen,refugees,,,,,,walk,trickier,stuff,,ready,listen
,rented,percent,,grabbed,sunshine,,,constructed,dad,bus,,colored,,downtown,,,stops,instead,excused,,,,,interrupted,,guess,support,,,,,,appeared,going,cards,,seat,reputable
,car,shopping,,,reset,,,sign,seven,got,,person,,book,,,maybe,sugar,prevent,,,,,dangerous,,ceilings,right,,,,,,stood,mouth,lawyer,,called,bosnian
,driven,summer,,,okay,,,black,helfen,beautiful,,version,,reading,,,goats,tried,party,,,,,knows,,carved,thing,,,,,,handed,opening,tiny,,sea,english
,days,,,,walk,,,round,safety,came,,said,,nightmare,,,lost,boys,approvingly,,,,,dad,,floors,months,,,,,,backpack,people,mom,,protectively,dictionary
,smiled,,,,replied,,,curved,statistics,eat,,olds,,days,,,stall,traditional,protesting,,,,,blanket,,counts,showing,,,,,,brought,thousand,tomorrow,,winter,online
,eggs,,,,led,,,bell,moved,cake,,instead,,couple,,,battle,dance,place,,,,,work,,apologized,positions,,,,,,clear,,dentist,,explained,suggests
,drank,,,,dirt,,,older,bathrooms,leader,,called,,gehabt,,,,laughing,policies,,,,,refill,,course,capital,,,,,,burned,,appointment,,dj,halo
,juice,,,,path,,,hands,free,hour,,game,,habe,,,,burst,immigration,,,,,olds,,stepped,read,,,,,,near,,moves,,p.,l
,parents,,,,vineyard,,,folded,pay,,,sat,,expression,,,,sunflowers,restrictive,,,,,zipping,,foot,overthrew,,,,,,platform,,ear,,case,zdravo
,usually,,,,nap,,,right,use,,,wine,,paperwork,,,,pretended,worries,,,,,bikes,,times,communist,,,,,,crew,,,,dress,words
,said,,,,wanted,,,cities,phone,,,continued,,street,,,,trip,explained,,,,,ignored,,best,regime,,,,,,camera,,,,feel,turn
,means,,,,plane,,,walls,missed,,,tavern,,cool,,,,wagon,hoping,,,,,called,,specializes,peaceful,,,,,,hard,,,,fancy,way
,slowly,,,,trilled,,,know,safe,,,explained,,room,,,,covered,refugees,,,,,exclaimed,,sure,transition,,,,,,crowded,,,,party,answering
,old,,,,offended,,,seats,watch,,,laughed,,crowded,,,,taken,coming,,,,,sorry,,pineapple,power,,,,,,reached,,,,held,showing
,moving,,,,writes,,,single,couple,,,insisted,,picnic,,,,mom,journalist,,,,,weeks,,hawaiian,commonly,,,,,,time,,,,balls,disagreement
,sighed,,,,economics,,,jumped,sign,,,big,,buy,,,,summer,sure,,,,,ago,,lovers,referred,,,,,,speaker,,,,left,refusal
,tell,,,,specialty,,,escalator,stated,,,deal,,bus,,,,american,scolded,,,,,blacktop,,minutes,trip,,,,,,thing,,,,pulled,meaning
,upset,,,,t,,,sky,gets,,,exclaimed,,store,,,,doubtfully,dance,,,,,left,,scary,gave,,,,,,dramatically,,,,little,yes
,overseas,,,,day,,,fangs,built,,,face,,grocery,,,,thick,rasheed,,,,,days,,wove,weekend,,,,,,like,,,,bottle,school
,movie,,,,explained,,,pointed,days,,,kinds,,replied,,,,british,nice,,,,,worse,,carpool,shook,,,,,,dream,,,,light,exact
,detector,,,,barely,,,tall,nervous,,,people,,corner,,,,accent,american,,,,,ran,,immigration,head,,,,,,m,,,,yellow,corridor
,promised,,,,slept,,,view,wanted,,,problem,,stopped,,,,wore,man,,,,,grinned,,barely,shrugged,,,,,,society,,,,liquid,looked
,kitchen,,,,production,,,cathedral,brunch,,,buying,,dry,,,,jean,dating,,,,,motion,,way,arranged,,,,,,color,,,,bit,hallway
,arrived,,,,finally,,,huge,pancake,,,overboard,,,,,,skirt,spoken,,,,,sprang,,treat,overnight,,,,,,skin,,,,perfume,clarity
,methodical,,,,pants,,,wooden,,,,bites,,,,,,t,want,,,,,bit,,squeezed,arrived,,,,,,decide,,,,air,hello
,staying,,,,real,,,aisle,,,,start,,,,,,shirt,like,,,,,day,,breathe,taxi,,,,,,people,,,,hugged,afraid
,touch,,,,mouth,,,dots,,,,planning,,,,,,sandals,fails,,,,,summer,,sauce,station,,,,,,truth,,,,sprayed,thing
,wrote,,,,lumpy,,,little,,,,birthday,,,,,,big,lovely,,,,,beautiful,,counted,apartment,,,,,,makes,,,,hey,paragraph
,twice,,,,felt,,,o,,,,new,,,,,,,true,,,,,chapter,,block,father,,,,,,strong,,,,read,pulled
,week,,,,suddenly,,,reclaimed,,,,tasted,,,,,,,,,,,,class,,time,rented,,,,,,going,,,,night,rhinestones
,talked,,,,delicious,,,land,,,,fine,,,,,,,,,,,,dance,,turned,taking,,,,,,sure,,,,study,want
,phone,,,,minute,,,fire,,,,dice,,,,,,,,,,,,expected,,grinned,quick,,,,,,kit,,,,language,sing
,metal,,,,oatmeal,,,turkish,,,,trying,,,,,,,,,,,,evening,,interest,second,,,,,,aid,,,,box,loud
,embarrassed,,,,doors,,,captured,,,,home,,,,,,,,,,,,intently,,looked,exciting,,,,,,packed,,,,man,problem
,worries,,,,marched,,,cannons,,,,conditioned,,,,,,,,,,,,boy,,came,closed,,,,,,streets,,,,massive,match
,set,,,,window,,,cast,,,,air,,,,,,,,,,,,hands,,glad,promptly,,,,,,got,,,,palace,description
,help,,,,brunch,,,originally,,,,silly,,,,,,,,,,,,today,,,glanced,,,,,,light,,,,bowed,hot
,wondering,,,,open,,,largest,,,,smoke,,,,,,,,,,,,worry,,,slide,,,,,,wind,,,,song,pink
,problem,,,,welcome,,,end,,,,outside,,,,,,,,,,,,song,,,seats,,,,,,kept,,,,school,diary
,starring,,,,right,,,plastered,,,,awful,,,,,,,,,,,,sang,,,time,,,,,,able,,,,opened,unicorn
,daughter,,,,course,,,wrapped,,,,warm,,,,,,,,,,,,rode,,,wearing,,,,,,started,,,,face,spelling
,worry,,,,code,,,candy,,,,evening,,,,,,,,,,,,listening,,,uniform,,,,,,ears,,,,leaving,mentions
,sent,,,,account,,,sort,,,,okay,,,,,,,,,,,,waitresses,,,came,,,,,,eyes,,,,gray,went
,coins,,,,number,,,hawked,,,,okay,,,,,,,,,,,,later,,,compartment,,,,,,isolate,,,,smudge,ball
,mail,,,,enter,,,souvenir,,,,restaurant,,,,,,,,,,,,walking,,,split,,,,,,book,,,,shoulder,maybe
,wished,,,,prompting,,,hundreds,,,,,,,,,,,,,,,,months,,,independent,,,,,,man,,,,gown,sundae
,normal,,,,came,,,road,,,,,,,,,,,,,,,,report,,,countries,,,,,,translated,,,,tonight,lovers
,asking,,,,recording,,,foil,,,,,,,,,,,,,,,,week,,,face,,,,,,squished,,,,began,got
,plan,,,,tucked,,,war,,,,,,,,,,,,,,,,pool,,,small,,,,,,forget,,,,speak,ordered
,ride,,,,paper,,,causing,,,,,,,,,,,,,,,,disappoint,,,open,,,,,,speech,,,,dropped,different
,tried,,,,away,,,crash,,,,,,,,,,,,,,,,luck,,,nodded,,,,,,warm,,,,finally,original
,different,,,,throw,,,understand,,,,,,,,,,,,,,,,world,,,saw,,,,,,began,,,,mascara,liked
,exciting,,,,daughter,,,emigrated,,,,,,,,,,,,,,,,technicolor,,,blue,,,,,,shiver,,,,covering,vigil
,turkey,,,,hello,,,jewish,,,,,,,,,,,,,,,,minutes,,,books,,,,,,sardines,,,,procession,happens
,lot,,,,heard,,,dad,,,,,,,,,,,,,,,,passed,,,boarded,,,,,,matches,,,,led,week
,seeing,,,,garden,,,grandparents,,,,,,,,,,,,,,,,want,,,rooms,,,,,,dripping,,,,stairs,trip
,shortly,,,,town,,, ,,,,,,,,,,,,,,,,proud,,,package,,,,,,streetcar,,,,sat,scheduled
,waiting,,,,door,,,musicians,,,,,,,,,,,,,,,,sad,,,biscuits,,,,,,house,,,,arms,weekend
,years,,,,gave,,,cantors,,,,,,,,,,,,,,,,bars,,,flat,,,,,,met,,,,garden,says
,position,,,,hug,,,alarm,,,,,,,,,,,,,,,,hugged,,,shortbread,,,,,,hills,,,,hands,plus
,open,,,,told,,,ground,,,,,,,,,,,,,,,,mugs,,,backward,,,,,,follow,,,,starting,reads
,mother,,,,later,,,glimpse,,,,,,,,,,,,,,,,postmark,,,forward,,,,,,cars,,,,sitting,announcement
,pool,,,,lovely,,,got,,,,,,,,,,,,,,,,soon,,,facing,,,,,,nuns,,,,stone,clear
,hanging,,,,chattered,,,museums,,,,,,,,,,,,,,,,smiled,,,invented,,,,,,passed,,,,alcove,deleted
,look,,,,upstairs,,,guard,,,,,,,,,,,,,,,,kids,,,koruna,,,,,,forward,,,,better,scene
,tv,,,,better,,,standing,,,,,,,,,,,,,,,,chocolate,,,remember,,,,,,squeezed,,,,pale,notes
,watching,,,,bit,,,wisdom,,,,,,,,,,,,,,,,gathered,,,states,,,,,,pass,,,,wan,glanced
,living,,,,starting,,,goddess,,,,,,,,,,,,,,,,handed,,,dissolved,,,,,,press,,,,shaking,paper
,country,,,,citizens,,,statue,,,,,,,,,,,,,,,,,,,like,,,,,,flashed,,,,anymore,again”—there
,sounded,,,,left,,,style,,,,,,,,,,,,,,,,,,,cookies,,,,,,running,,,,spotted,mention
,sandwich,,,,bedroom,,,greek,,,,,,,,,,,,,,,,,,,hours,,,,,,number,,,,group,flipping
,grade,,,,study,,,parliament,,,,,,,,,,,,,,,,,,,stopped,,,,,,,,,,crying,thing
,away,,,,dad,,,like,,,,,,,,,,,,,,,,,,,conductor,,,,,,,,,,spoke,pistachios
,complaining,,,,balcony,,,rat,,,,,,,,,,,,,,,,,,,mini,,,,,,,,,,daughter,sauce
,hungry,,,,bedrooms,,,animal,,,,,,,,,,,,,,,,,,,bosnian,,,,,,,,,,translate,candlelight
,leaving,,,,galley,,,vast,,,,,,,,,,,,,,,,,,,astronomical,,,,,,,,,,public,took
,gone,,,,internal,,,space,,,,,,,,,,,,,,,,,,,castle,,,,,,,,,,weakly,language
,brunch,,,,foods,,,unlike,,,,,,,,,,,,,,,,,,,realized,,,,,,,,,,freaked,skills
,weekend,,,,completely,,,zone,,,,,,,,,,,,,,,,,,,slow,,,,,,,,,,brief,maybe
,pouring,,,,houses,,,pedestrian,,,,,,,,,,,,,,,,,,,minutes,,,,,,,,,,bag,permit
,syrup,,,,row,,,lapsed,,,,,,,,,,,,,,,,,,,returning,,,,,,,,,,taking,shakes
,cleared,,,,small,,,horses,,,,,,,,,,,,,,,,,,,today,,,,,,,,,,told,vanilla
,throat,,,,yard,,,winged,,,,,,,,,,,,,,,,,,,thought,,,,,,,,,,gift,class
,announced,,,,agreed,,,button,,,,,,,,,,,,,,,,,,,looked,,,,,,,,,,shown,bikes
,job,,,,flower,,,opera,,,,,,,,,,,,,,,,,,,bit,,,,,,,,,,parents,rode
,food,,,,shop,,,moved,,,,,,,,,,,,,,,,,,,want,,,,,,,,,,people,fourth
,offending,,,,run,,,horse,,,,,,,,,,,,,,,,,,,eagle,,,,,,,,,,bunch,day
,given,,,,live,,,rearing,,,,,,,,,,,,,,,,,,,cover,,,,,,,,,,knew,voice
,orange,,,,months,,,man,,,,,,,,,,,,,,,,,,,pleasantly,,,,,,,,,,terse,dance
,instead,,,,mother,,,,,,,,,,,,,,,,,,,,,,night,,,,,,,,,,exchange,broken
,,,,,visiting,,,,,,,,,,,,,,,,,,,,,,going,,,,,,,,,,hemmed,long
,,,,,smiled,,,,,,,,,,,,,,,,,,,,,,super,,,,,,,,,,pinned,barely
,,,,,way,,,,,,,,,,,,,,,,,,,,,,expensive,,,,,,,,,,tucked,nineteen
,,,,,brown,,,,,,,,,,,,,,,,,,,,,,white,,,,,,,,,,bedroom,thirty
,,,,,sugar,,,,,,,,,,,,,,,,,,,,,,tablecloths,,,,,,,,,,standing,seven
,,,,,took,,,,,,,,,,,,,,,,,,,,,,waiters,,,,,,,,,,afternoon,fit
,,,,,called,,,,,,,,,,,,,,,,,,,,,,tuxedos,,,,,,,,,,restroom,morning
,,,,,entirely,,,,,,,,,,,,,,,,,,,,,,person,,,,,,,,,,wedding,let
,,,,,sure,,,,,,,,,,,,,,,,,,,,,,tomorrow,,,,,,,,,,maybe,em
,,,,,kindly,,,,,,,,,,,,,,,,,,,,,,walked,,,,,,,,,,waltzing,dash
,,,,,thing,,,,,,,,,,,,,,,,,,,,,,worried,,,,,,,,,,old,edited
,,,,,thinking,,,,,,,,,,,,,,,,,,,,,,stable,,,,,,,,,,seen,repeating
,,,,,egg,,,,,,,,,,,,,,,,,,,,,,added,,,,,,,,,,number,clarify
,,,,,odd,,,,,,,,,,,,,,,,,,,,,,whisper,,,,,,,,,,remember,takes
,,,,,night,,,,,,,,,,,,,,,,,,,,,,parents,,,,,,,,,,plead,place
,,,,,middle,,,,,,,,,,,,,,,,,,,,,,members,,,,,,,,,,gripped,bring
,,,,,prowling,,,,,,,,,,,,,,,,,,,,,,money,,,,,,,,,,playing,amazing
,,,,,yolk,,,,,,,,,,,,,,,,,,,,,,means,,,,,,,,,,yelled,correct
,,,,,opened,,,,,,,,,,,,,,,,,,,,,,handed,,,,,,,,,,forehead,simplified
,,,,,wide,,,,,,,,,,,,,,,,,,,,,,pretend,,,,,,,,,,neck,technically
,,,,,asleep,,,,,,,,,,,,,,,,,,,,,,quietly,,,,,,,,,,petticoat,organizing
,,,,,nutty,,,,,,,,,,,,,,,,,,,,,,sure,,,,,,,,,,underneath,friends
,,,,,smell,,,,,,,,,,,,,,,,,,,,,,days,,,,,,,,,,pair,phone
,,,,,wafted,,,,,,,,,,,,,,,,,,,,,,border,,,,,,,,,,high,connection
,,,,,scooped,,,,,,,,,,,,,,,,,,,,,,a.m.,,,,,,,,,,heeled,greatest
,,,,,spoonful,,,,,,,,,,,,,,,,,,,,,,politically,,,,,,,,,,shoes,pay
,,,,,awake,,,,,,,,,,,,,,,,,,,,,,cleansing,,,,,,,,,,pulling,calls
,,,,,familiar,,,,,,,,,,,,,,,,,,,,,,moment,,,,,,,,,,rasheed,minute
,,,,,guessed,,,,,,,,,,,,,,,,,,,,,,wrong,,,,,,,,,,away,daughter
,,,,,embassy,,,,,,,,,,,,,,,,,,,,,,long,,,,,,,,,,right,gelato
,,,,,allowed,,,,,,,,,,,,,,,,,,,,,,silent,,,,,,,,,,kindly,pineapple
,,,,,news,,,,,,,,,,,,,,,,,,,,,,hear,,,,,,,,,,falling,hawaiian
,,,,,helping,,,,,,,,,,,,,,,,,,,,,,value,,,,,,,,,,curls,start
,,,,,naked,,,,,,,,,,,,,,,,,,,,,,fluctuate,,,,,,,,,,dark,sure
,,,,,lady,,,,,,,,,,,,,,,,,,,,,,unlikely,,,,,,,,,,updo,summer
,,,,,inquired,,,,,,,,,,,,,,,,,,,,,,homosexuals,,,,,,,,,,burst,miss
,,,,,prude,,,,,,,,,,,,,,,,,,,,,,persecuting,,,,,,,,,,laughing,home
,,,,,time,,,,,,,,,,,,,,,,,,,,,,knew,,,,,,,,,,argued,cousin
,,,,,silent,,,,,,,,,,,,,,,,,,,,,,ethnic,,,,,,,,,,loudly,specifically
,,,,,strange,,,,,,,,,,,,,,,,,,,,,,olden,,,,,,,,,,suggested,teaching
,,,,,things,,,,,,,,,,,,,,,,,,,,,,smiled,,,,,,,,,,welcomed,assistants
,,,,,,,,,,,,,,,,,,,,,,,,,,,weather,,,,,,,,,,jumped,teen
,,,,,,,,,,,,,,,,,,,,,,,,,,,worn,,,,,,,,,,restaurant,thousand
,,,,,,,,,,,,,,,,,,,,,,,,,,,names,,,,,,,,,,pronouncing,counseled
,,,,,,,,,,,,,,,,,,,,,,,,,,,covered,,,,,,,,,,letters,talk
,,,,,,,,,,,,,,,,,,,,,,,,,,,laughed,,,,,,,,,,german,anxiety
,,,,,,,,,,,,,,,,,,,,,,,,,,,markers,,,,,,,,,,accent,thoughts
,,,,,,,,,,,,,,,,,,,,,,,,,,,rest,,,,,,,,,,wearing,age
,,,,,,,,,,,,,,,,,,,,,,,,,,,work,,,,,,,,,,rich,spelled
,,,,,,,,,,,,,,,,,,,,,,,,,,,grave,,,,,,,,,,hair,kl18r17
,,,,,,,,,,,,,,,,,,,,,,,,,,,barely,,,,,,,,,,piled,calendar
,,,,,,,,,,,,,,,,,,,,,,,,,,,let,,,,,,,,,,stuffy,cited
,,,,,,,,,,,,,,,,,,,,,,,,,,,squeezed,,,,,,,,,,dresses,shifted
,,,,,,,,,,,,,,,,,,,,,,,,,,,word,,,,,,,,,,spilled,timeline
,,,,,,,,,,,,,,,,,,,,,,,,,,,hand,,,,,,,,,,patch,bit
,,,,,,,,,,,,,,,,,,,,,,,,,,,reports,,,,,,,,,,wet,stopover
,,,,,,,,,,,,,,,,,,,,,,,,,,,,,,,,,,,,,small,raining
,,,,,,,,,,,,,,,,,,,,,,,,,,,,,,,,,,,,,erased,woke
,,,,,,,,,,,,,,,,,,,,,,,,,,,,,,,,,,,,,accident,route
,,,,,,,,,,,,,,,,,,,,,,,,,,,,,,,,,,,,,signs,ride
,,,,,,,,,,,,,,,,,,,,,,,,,,,,,,,,,,,,,volunteered,planning
,,,,,,,,,,,,,,,,,,,,,,,,,,,,,,,,,,,,,watch,squealed
,,,,,,,,,,,,,,,,,,,,,,,,,,,,,,,,,,,,,mused,follows
,,,,,,,,,,,,,,,,,,,,,,,,,,,,,,,,,,,,,later,mark
,,,,,,,,,,,,,,,,,,,,,,,,,,,,,,,,,,,,,waving,meant
,,,,,,,,,,,,,,,,,,,,,,,,,,,,,,,,,,,,,stern,action
,,,,,,,,,,,,,,,,,,,,,,,,,,,,,,,,,,,,,repeated,unclear
,,,,,,,,,,,,,,,,,,,,,,,,,,,,,,,,,,,,,clearly,comma
,,,,,,,,,,,,,,,,,,,,,,,,,,,,,,,,,,,,,prepared,question
,,,,,,,,,,,,,,,,,,,,,,,,,,,,,,,,,,,,,reminded,brought
,,,,,,,,,,,,,,,,,,,,,,,,,,,,,,,,,,,,,breaking,flowers
,,,,,,,,,,,,,,,,,,,,,,,,,,,,,,,,,,,,,come,multiple
,,,,,,,,,,,,,,,,,,,,,,,,,,,,,,,,,,,,,happened,buildings
,,,,,,,,,,,,,,,,,,,,,,,,,,,,,,,,,,,,,probably,right
,,,,,,,,,,,,,,,,,,,,,,,,,,,,,,,,,,,,,break,bouquet
,,,,,,,,,,,,,,,,,,,,,,,,,,,,,,,,,,,,,,mascara
,,,,,,,,,,,,,,,,,,,,,,,,,,,,,,,,,,,,,,face
,,,,,,,,,,,,,,,,,,,,,,,,,,,,,,,,,,,,,,leaving
,,,,,,,,,,,,,,,,,,,,,,,,,,,,,,,,,,,,,,gray
,,,,,,,,,,,,,,,,,,,,,,,,,,,,,,,,,,,,,,smudge
,,,,,,,,,,,,,,,,,,,,,,,,,,,,,,,,,,,,,,white
,,,,,,,,,,,,,,,,,,,,,,,,,,,,,,,,,,,,,,gown
,,,,,,,,,,,,,,,,,,,,,,,,,,,,,,,,,,,,,,nods
,,,,,,,,,,,,,,,,,,,,,,,,,,,,,,,,,,,,,,dress
,,,,,,,,,,,,,,,,,,,,,,,,,,,,,,,,,,,,,,decide
,,,,,,,,,,,,,,,,,,,,,,,,,,,,,,,,,,,,,,revisions
,,,,,,,,,,,,,,,,,,,,,,,,,,,,,,,,,,,,,,affect
,,,,,,,,,,,,,,,,,,,,,,,,,,,,,,,,,,,,,,asked
,,,,,,,,,,,,,,,,,,,,,,,,,,,,,,,,,,,,,,chicken
,,,,,,,,,,,,,,,,,,,,,,,,,,,,,,,,,,,,,,come
,,,,,,,,,,,,,,,,,,,,,,,,,,,,,,,,,,,,,,assistant
,,,,,,,,,,,,,,,,,,,,,,,,,,,,,,,,,,,,,,female
,,,,,,,,,,,,,,,,,,,,,,,,,,,,,,,,,,,,,,apparently
,,,,,,,,,,,,,,,,,,,,,,,,,,,,,,,,,,,,,,pox
,,,,,,,,,,,,,,,,,,,,,,,,,,,,,,,,,,,,,,far
,,,,,,,,,,,,,,,,,,,,,,,,,,,,,,,,,,,,,,taking
,,,,,,,,,,,,,,,,,,,,,,,,,,,,,,,,,,,,,,conversation
,,,,,,,,,,,,,,,,,,,,,,,,,,,,,,,,,,,,,,offer
,,,,,,,,,,,,,,,,,,,,,,,,,,,,,,,,,,,,,,know
,,,,,,,,,,,,,,,,,,,,,,,,,,,,,,,,,,,,,,readers
,,,,,,,,,,,,,,,,,,,,,,,,,,,,,,,,,,,,,,position
,,,,,,,,,,,,,,,,,,,,,,,,,,,,,,,,,,,,,,expected
,,,,,,,,,,,,,,,,,,,,,,,,,,,,,,,,,,,,,,ate
,,,,,,,,,,,,,,,,,,,,,,,,,,,,,,,,,,,,,,fries
,,,,,,,,,,,,,,,,,,,,,,,,,,,,,,,,,,,,,,following
,,,,,,,,,,,,,,,,,,,,,,,,,,,,,,,,,,,,,,cut
,,,,,,,,,,,,,,,,,,,,,,,,,,,,,,,,,,,,,,crew
,,,,,,,,,,,,,,,,,,,,,,,,,,,,,,,,,,,,,,tables
,,,,,,,,,,,,,,,,,,,,,,,,,,,,,,,,,,,,,,trash
,,,,,,,,,,,,,,,,,,,,,,,,,,,,,,,,,,,,,,leave
,,,,,,,,,,,,,,,,,,,,,,,,,,,,,,,,,,,,,,routinely
,,,,,,,,,,,,,,,,,,,,,,,,,,,,,,,,,,,,,,worked
,,,,,,,,,,,,,,,,,,,,,,,,,,,,,,,,,,,,,,fair
,,,,,,,,,,,,,,,,,,,,,,,,,,,,,,,,,,,,,,clean
,,,,,,,,,,,,,,,,,,,,,,,,,,,,,,,,,,,,,,need
,,,,,,,,,,,,,,,,,,,,,,,,,,,,,,,,,,,,,,signed
,,,,,,,,,,,,,,,,,,,,,,,,,,,,,,,,,,,,,,student
,,,,,,,,,,,,,,,,,,,,,,,,,,,,,,,,,,,,,,bag
,,,,,,,,,,,,,,,,,,,,,,,,,,,,,,,,,,,,,,machine
,,,,,,,,,,,,,,,,,,,,,,,,,,,,,,,,,,,,,,ray
,,,,,,,,,,,,,,,,,,,,,,,,,,,,,,,,,,,,,,x
,,,,,,,,,,,,,,,,,,,,,,,,,,,,,,,,,,,,,,standing
,,,,,,,,,,,,,,,,,,,,,,,,,,,,,,,,,,,,,,suddenly
,,,,,,,,,,,,,,,,,,,,,,,,,,,,,,,,,,,,,,conveyor
,,,,,,,,,,,,,,,,,,,,,,,,,,,,,,,,,,,,,,checked
,,,,,,,,,,,,,,,,,,,,,,,,,,,,,,,,,,,,,,airport
,,,,,,,,,,,,,,,,,,,,,,,,,,,,,,,,,,,,,,finally
,,,,,,,,,,,,,,,,,,,,,,,,,,,,,,,,,,,,,,parked
,,,,,,,,,,,,,,,,,,,,,,,,,,,,,,,,,,,,,,belt
,,,,,,,,,,,,,,,,,,,,,,,,,,,,,,,,,,,,,,walked
,,,,,,,,,,,,,,,,,,,,,,,,,,,,,,,,,,,,,,feels
,,,,,,,,,,,,,,,,,,,,,,,,,,,,,,,,,,,,,,worries
,,,,,,,,,,,,,,,,,,,,,,,,,,,,,,,,,,,,,,deal
,,,,,,,,,,,,,,,,,,,,,,,,,,,,,,,,,,,,,,having
,,,,,,,,,,,,,,,,,,,,,,,,,,,,,,,,,,,,,,liking
,,,,,,,,,,,,,,,,,,,,,,,,,,,,,,,,,,,,,,thinking
,,,,,,,,,,,,,,,,,,,,,,,,,,,,,,,,,,,,,,plane
,,,,,,,,,,,,,,,,,,,,,,,,,,,,,,,,,,,,,,eat
,,,,,,,,,,,,,,,,,,,,,,,,,,,,,,,,,,,,,,brown
,,,,,,,,,,,,,,,,,,,,,,,,,,,,,,,,,,,,,,snack
,,,,,,,,,,,,,,,,,,,,,,,,,,,,,,,,,,,,,,gave
,,,,,,,,,,,,,,,,,,,,,,,,,,,,,,,,,,,,,,teacher
,,,,,,,,,,,,,,,,,,,,,,,,,,,,,,,,,,,,,,new
,,,,,,,,,,,,,,,,,,,,,,,,,,,,,,,,,,,,,,oh
,,,,,,,,,,,,,,,,,,,,,,,,,,,,,,,,,,,,,,bacon
,,,,,,,,,,,,,,,,,,,,,,,,,,,,,,,,,,,,,,frying
,,,,,,,,,,,,,,,,,,,,,,,,,,,,,,,,,,,,,,stove
,,,,,,,,,,,,,,,,,,,,,,,,,,,,,,,,,,,,,,sound
,,,,,,,,,,,,,,,,,,,,,,,,,,,,,,,,,,,,,,makes
,,,,,,,,,,,,,,,,,,,,,,,,,,,,,,,,,,,,,,abrupt
,,,,,,,,,,,,,,,,,,,,,,,,,,,,,,,,,,,,,,options
,,,,,,,,,,,,,,,,,,,,,,,,,,,,,,,,,,,,,,respond
,,,,,,,,,,,,,,,,,,,,,,,,,,,,,,,,,,,,,,strand
,,,,,,,,,,,,,,,,,,,,,,,,,,,,,,,,,,,,,,ketchup
,,,,,,,,,,,,,,,,,,,,,,,,,,,,,,,,,,,,,,yellow
,,,,,,,,,,,,,,,,,,,,,,,,,,,,,,,,,,,,,,orange
,,,,,,,,,,,,,,,,,,,,,,,,,,,,,,,,,,,,,,flowery
,,,,,,,,,,,,,,,,,,,,,,,,,,,,,,,,,,,,,,wore
,,,,,,,,,,,,,,,,,,,,,,,,,,,,,,,,,,,,,,beginning
,,,,,,,,,,,,,,,,,,,,,,,,,,,,,,,,,,,,,,deleting
,,,,,,,,,,,,,,,,,,,,,,,,,,,,,,,,,,,,,,composed
,,,,,,,,,,,,,,,,,,,,,,,,,,,,,,,,,,,,,,lock
,,,,,,,,,,,,,,,,,,,,,,,,,,,,,,,,,,,,,,stain
,,,,,,,,,,,,,,,,,,,,,,,,,,,,,,,,,,,,,,longer
,,,,,,,,,,,,,,,,,,,,,,,,,,,,,,,,,,,,,,birthday
,,,,,,,,,,,,,,,,,,,,,,,,,,,,,,,,,,,,,,chapter
,,,,,,,,,,,,,,,,,,,,,,,,,,,,,,,,,,,,,,closet
,,,,,,,,,,,,,,,,,,,,,,,,,,,,,,,,,,,,,,spending
,,,,,,,,,,,,,,,,,,,,,,,,,,,,,,,,,,,,,,reference
,,,,,,,,,,,,,,,,,,,,,,,,,,,,,,,,,,,,,,find
,,,,,,,,,,,,,,,,,,,,,,,,,,,,,,,,,,,,,,party
,,,,,,,,,,,,,,,,,,,,,,,,,,,,,,,,,,,,,,days
,,,,,,,,,,,,,,,,,,,,,,,,,,,,,,,,,,,,,,number
,,,,,,,,,,,,,,,,,,,,,,,,,,,,,,,,,,,,,,unspecified
,,,,,,,,,,,,,,,,,,,,,,,,,,,,,,,,,,,,,,stamp
,,,,,,,,,,,,,,,,,,,,,,,,,,,,,,,,,,,,,,station
,,,,,,,,,,,,,,,,,,,,,,,,,,,,,,,,,,,,,,shy
,,,,,,,,,,,,,,,,,,,,,,,,,,,,,,,,,,,,,,sleeve
,,,,,,,,,,,,,,,,,,,,,,,,,,,,,,,,,,,,,,flesh
,,,,,,,,,,,,,,,,,,,,,,,,,,,,,,,,,,,,,,confusing
,,,,,,,,,,,,,,,,,,,,,,,,,,,,,,,,,,,,,,found
,,,,,,,,,,,,,,,,,,,,,,,,,,,,,,,,,,,,,,context
,,,,,,,,,,,,,,,,,,,,,,,,,,,,,,,,,,,,,,given
,,,,,,,,,,,,,,,,,,,,,,,,,,,,,,,,,,,,,,translation
,,,,,,,,,,,,,,,,,,,,,,,,,,,,,,,,,,,,,,rat
,,,,,,,,,,,,,,,,,,,,,,,,,,,,,,,,,,,,,,advice
,,,,,,,,,,,,,,,,,,,,,,,,,,,,,,,,,,,,,,citations
,,,,,,,,,,,,,,,,,,,,,,,,,,,,,,,,,,,,,,parenthetical
,,,,,,,,,,,,,,,,,,,,,,,,,,,,,,,,,,,,,,outside
,,,,,,,,,,,,,,,,,,,,,,,,,,,,,,,,,,,,,,dj
,,,,,,,,,,,,,,,,,,,,,,,,,,,,,,,,,,,,,,council
,,,,,,,,,,,,,,,,,,,,,,,,,,,,,,,,,,,,,,smaller
,,,,,,,,,,,,,,,,,,,,,,,,,,,,,,,,,,,,,,door
,,,,,,,,,,,,,,,,,,,,,,,,,,,,,,,,,,,,,,final
,,,,,,,,,,,,,,,,,,,,,,,,,,,,,,,,,,,,,,smiling
,,,,,,,,,,,,,,,,,,,,,,,,,,,,,,,,,,,,,,larger
,,,,,,,,,,,,,,,,,,,,,,,,,,,,,,,,,,,,,,abbreviation
,,,,,,,,,,,,,,,,,,,,,,,,,,,,,,,,,,,,,,wearing
,,,,,,,,,,,,,,,,,,,,,,,,,,,,,,,,,,,,,,suggest
,,,,,,,,,,,,,,,,,,,,,,,,,,,,,,,,,,,,,,sunglasses
,,,,,,,,,,,,,,,,,,,,,,,,,,,,,,,,,,,,,,wears
,,,,,,,,,,,,,,,,,,,,,,,,,,,,,,,,,,,,,,skis
,,,,,,,,,,,,,,,,,,,,,,,,,,,,,,,,,,,,,,gnome
,,,,,,,,,,,,,,,,,,,,,,,,,,,,,,,,,,,,,,answers
,,,,,,,,,,,,,,,,,,,,,,,,,,,,,,,,,,,,,,father
,,,,,,,,,,,,,,,,,,,,,,,,,,,,,,,,,,,,,,speaking
,,,,,,,,,,,,,,,,,,,,,,,,,,,,,,,,,,,,,,oder
,,,,,,,,,,,,,,,,,,,,,,,,,,,,,,,,,,,,,,speaks
,,,,,,,,,,,,,,,,,,,,,,,,,,,,,,,,,,,,,,half
,,,,,,,,,,,,,,,,,,,,,,,,,,,,,,,,,,,,,,german
,,,,,,,,,,,,,,,,,,,,,,,,,,,,,,,,,,,,,,mistakes
,,,,,,,,,,,,,,,,,,,,,,,,,,,,,,,,,,,,,,ok
,,,,,,,,,,,,,,,,,,,,,,,,,,,,,,,,,,,,,,theater
,,,,,,,,,,,,,,,,,,,,,,,,,,,,,,,,,,,,,,steep
,,,,,,,,,,,,,,,,,,,,,,,,,,,,,,,,,,,,,,confused
,,,,,,,,,,,,,,,,,,,,,,,,,,,,,,,,,,,,,,perfect
,,,,,,,,,,,,,,,,,,,,,,,,,,,,,,,,,,,,,,acting
,,,,,,,,,,,,,,,,,,,,,,,,,,,,,,,,,,,,,,stop
,,,,,,,,,,,,,,,,,,,,,,,,,,,,,,,,,,,,,,bunch
,,,,,,,,,,,,,,,,,,,,,,,,,,,,,,,,,,,,,,boarding
,,,,,,,,,,,,,,,,,,,,,,,,,,,,,,,,,,,,,,flight
,,,,,,,,,,,,,,,,,,,,,,,,,,,,,,,,,,,,,,comeback
,,,,,,,,,,,,,,,,,,,,,,,,,,,,,,,,,,,,,,lines
,,,,,,,,,,,,,,,,,,,,,,,,,,,,,,,,,,,,,,muslim
,,,,,,,,,,,,,,,,,,,,,,,,,,,,,,,,,,,,,,crepes
,,,,,,,,,,,,,,,,,,,,,,,,,,,,,,,,,,,,,,austrian
,,,,,,,,,,,,,,,,,,,,,,,,,,,,,,,,,,,,,,relax
,,,,,,,,,,,,,,,,,,,,,,,,,,,,,,,,,,,,,,bus
,,,,,,,,,,,,,,,,,,,,,,,,,,,,,,,,,,,,,,teased
,,,,,,,,,,,,,,,,,,,,,,,,,,,,,,,,,,,,,,grader
,,,,,,,,,,,,,,,,,,,,,,,,,,,,,,,,,,,,,,sixth
,,,,,,,,,,,,,,,,,,,,,,,,,,,,,,,,,,,,,,mean
,,,,,,,,,,,,,,,,,,,,,,,,,,,,,,,,,,,,,,use
,,,,,,,,,,,,,,,,,,,,,,,,,,,,,,,,,,,,,,signatures
,,,,,,,,,,,,,,,,,,,,,,,,,,,,,,,,,,,,,,million
,,,,,,,,,,,,,,,,,,,,,,,,,,,,,,,,,,,,,,described
,,,,,,,,,,,,,,,,,,,,,,,,,,,,,,,,,,,,,,good
,,,,,,,,,,,,,,,,,,,,,,,,,,,,,,,,,,,,,,near
,,,,,,,,,,,,,,,,,,,,,,,,,,,,,,,,,,,,,,glancing
,,,,,,,,,,,,,,,,,,,,,,,,,,,,,,,,,,,,,,later
,,,,,,,,,,,,,,,,,,,,,,,,,,,,,,,,,,,,,,inconsistent
,,,,,,,,,,,,,,,,,,,,,,,,,,,,,,,,,,,,,,friend
,,,,,,,,,,,,,,,,,,,,,,,,,,,,,,,,,,,,,,read
,,,,,,,,,,,,,,,,,,,,,,,,,,,,,,,,,,,,,,speak
,,,,,,,,,,,,,,,,,,,,,,,,,,,,,,,,,,,,,,spoke
,,,,,,,,,,,,,,,,,,,,,,,,,,,,,,,,,,,,,,according
,,,,,,,,,,,,,,,,,,,,,,,,,,,,,,,,,,,,,,typo
,,,,,,,,,,,,,,,,,,,,,,,,,,,,,,,,,,,,,,guessing
,,,,,,,,,,,,,,,,,,,,,,,,,,,,,,,,,,,,,,sense
,,,,,,,,,,,,,,,,,,,,,,,,,,,,,,,,,,,,,,considering
,,,,,,,,,,,,,,,,,,,,,,,,,,,,,,,,,,,,,,intentional
,,,,,,,,,,,,,,,,,,,,,,,,,,,,,,,,,,,,,,announced
,,,,,,,,,,,,,,,,,,,,,,,,,,,,,,,,,,,,,,fluctuate
,,,,,,,,,,,,,,,,,,,,,,,,,,,,,,,,,,,,,,case
,,,,,,,,,,,,,,,,,,,,,,,,,,,,,,,,,,,,,,today
,,,,,,,,,,,,,,,,,,,,,,,,,,,,,,,,,,,,,,stick
,,,,,,,,,,,,,,,,,,,,,,,,,,,,,,,,,,,,,,thought
,,,,,,,,,,,,,,,,,,,,,,,,,,,,,,,,,,,,,,lives
,,,,,,,,,,,,,,,,,,,,,,,,,,,,,,,,,,,,,,certain
,,,,,,,,,,,,,,,,,,,,,,,,,,,,,,,,,,,,,,share
,,,,,,,,,,,,,,,,,,,,,,,,,,,,,,,,,,,,,,mom
,,,,,,,,,,,,,,,,,,,,,,,,,,,,,,,,,,,,,,tickets
,,,,,,,,,,,,,,,,,,,,,,,,,,,,,,,,,,,,,,choice
,,,,,,,,,,,,,,,,,,,,,,,,,,,,,,,,,,,,,,economical
,,,,,,,,,,,,,,,,,,,,,,,,,,,,,,,,,,,,,,started
,,,,,,,,,,,,,,,,,,,,,,,,,,,,,,,,,,,,,,upstairs
,,,,,,,,,,,,,,,,,,,,,,,,,,,,,,,,,,,,,,breakfast
,,,,,,,,,,,,,,,,,,,,,,,,,,,,,,,,,,,,,,cook
,,,,,,,,,,,,,,,,,,,,,,,,,,,,,,,,,,,,,,downstairs
,,,,,,,,,,,,,,,,,,,,,,,,,,,,,,,,,,,,,,room
,,,,,,,,,,,,,,,,,,,,,,,,,,,,,,,,,,,,,,bags
,,,,,,,,,,,,,,,,,,,,,,,,,,,,,,,,,,,,,,dumped
,,,,,,,,,,,,,,,,,,,,,,,,,,,,,,,,,,,,,,sentences
,,,,,,,,,,,,,,,,,,,,,,,,,,,,,,,,,,,,,,oatmeal
,,,,,,,,,,,,,,,,,,,,,,,,,,,,,,,,,,,,,,single
,,,,,,,,,,,,,,,,,,,,,,,,,,,,,,,,,,,,,,clearly
,,,,,,,,,,,,,,,,,,,,,,,,,,,,,,,,,,,,,,arrive
,,,,,,,,,,,,,,,,,,,,,,,,,,,,,,,,,,,,,,gorgeous
,,,,,,,,,,,,,,,,,,,,,,,,,,,,,,,,,,,,,,emphasizing
,,,,,,,,,,,,,,,,,,,,,,,,,,,,,,,,,,,,,,midnight
,,,,,,,,,,,,,,,,,,,,,,,,,,,,,,,,,,,,,,passed
,,,,,,,,,,,,,,,,,,,,,,,,,,,,,,,,,,,,,,burger
,,,,,,,,,,,,,,,,,,,,,,,,,,,,,,,,,,,,,,image
,,,,,,,,,,,,,,,,,,,,,,,,,,,,,,,,,,,,,,cover
,,,,,,,,,,,,,,,,,,,,,,,,,,,,,,,,,,,,,,headed
,,,,,,,,,,,,,,,,,,,,,,,,,,,,,,,,,,,,,,titles
,,,,,,,,,,,,,,,,,,,,,,,,,,,,,,,,,,,,,,detail
,,,,,,,,,,,,,,,,,,,,,,,,,,,,,,,,,,,,,,fill
,,,,,,,,,,,,,,,,,,,,,,,,,,,,,,,,,,,,,,beard
,,,,,,,,,,,,,,,,,,,,,,,,,,,,,,,,,,,,,,song
,,,,,,,,,,,,,,,,,,,,,,,,,,,,,,,,,,,,,,little
,,,,,,,,,,,,,,,,,,,,,,,,,,,,,,,,,,,,,,chatting
,,,,,,,,,,,,,,,,,,,,,,,,,,,,,,,,,,,,,,tomorrow
,,,,,,,,,,,,,,,,,,,,,,,,,,,,,,,,,,,,,,picnic
,,,,,,,,,,,,,,,,,,,,,,,,,,,,,,,,,,,,,,gnomes
,,,,,,,,,,,,,,,,,,,,,,,,,,,,,,,,,,,,,,describe
,,,,,,,,,,,,,,,,,,,,,,,,,,,,,,,,,,,,,,boiled
,,,,,,,,,,,,,,,,,,,,,,,,,,,,,,,,,,,,,,soft
,,,,,,,,,,,,,,,,,,,,,,,,,,,,,,,,,,,,,,pretty
,,,,,,,,,,,,,,,,,,,,,,,,,,,,,,,,,,,,,,bite
,,,,,,,,,,,,,,,,,,,,,,,,,,,,,,,,,,,,,,ticket
,,,,,,,,,,,,,,,,,,,,,,,,,,,,,,,,,,,,,,passage
,,,,,,,,,,,,,,,,,,,,,,,,,,,,,,,,,,,,,,details
,,,,,,,,,,,,,,,,,,,,,,,,,,,,,,,,,,,,,,egg
,,,,,,,,,,,,,,,,,,,,,,,,,,,,,,,,,,,,,,dad
,,,,,,,,,,,,,,,,,,,,,,,,,,,,,,,,,,,,,,women
,,,,,,,,,,,,,,,,,,,,,,,,,,,,,,,,,,,,,,group
,,,,,,,,,,,,,,,,,,,,,,,,,,,,,,,,,,,,,,car
,,,,,,,,,,,,,,,,,,,,,,,,,,,,,,,,,,,,,,mother
,,,,,,,,,,,,,,,,,,,,,,,,,,,,,,,,,,,,,,indicates
,,,,,,,,,,,,,,,,,,,,,,,,,,,,,,,,,,,,,,silk
,,,,,,,,,,,,,,,,,,,,,,,,,,,,,,,,,,,,,,pages
,,,,,,,,,,,,,,,,,,,,,,,,,,,,,,,,,,,,,,list
,,,,,,,,,,,,,,,,,,,,,,,,,,,,,,,,,,,,,,numbers
,,,,,,,,,,,,,,,,,,,,,,,,,,,,,,,,,,,,,,numerals
,,,,,,,,,,,,,,,,,,,,,,,,,,,,,,,,,,,,,,response
,,,,,,,,,,,,,,,,,,,,,,,,,,,,,,,,,,,,,,man
,,,,,,,,,,,,,,,,,,,,,,,,,,,,,,,,,,,,,,paperwork
,,,,,,,,,,,,,,,,,,,,,,,,,,,,,,,,,,,,,,write
,,,,,,,,,,,,,,,,,,,,,,,,,,,,,,,,,,,,,,text
,,,,,,,,,,,,,,,,,,,,,,,,,,,,,,,,,,,,,,handwritten
,,,,,,,,,,,,,,,,,,,,,,,,,,,,,,,,,,,,,,adds
,,,,,,,,,,,,,,,,,,,,,,,,,,,,,,,,,,,,,,items
,,,,,,,,,,,,,,,,,,,,,,,,,,,,,,,,,,,,,,marks
,,,,,,,,,,,,,,,,,,,,,,,,,,,,,,,,,,,,,,quotation
,,,,,,,,,,,,,,,,,,,,,,,,,,,,,,,,,,,,,,etc
,,,,,,,,,,,,,,,,,,,,,,,,,,,,,,,,,,,,,,number
,,,,,,,,,,,,,,,,,,,,,,,,,,,,,,,,,,,,,,thoughts
,,,,,,,,,,,,,,,,,,,,,,,,,,,,,,,,,,,,,,references
,,,,,,,,,,,,,,,,,,,,,,,,,,,,,,,,,,,,,,usher
,,,,,,,,,,,,,,,,,,,,,,,,,,,,,,,,,,,,,,streetcar
,,,,,,,,,,,,,,,,,,,,,,,,,,,,,,,,,,,,,,ushered
,,,,,,,,,,,,,,,,,,,,,,,,,,,,,,,,,,,,,,e.g.
,,,,,,,,,,,,,,,,,,,,,,,,,,,,,,,,,,,,,,careful
,,,,,,,,,,,,,,,,,,,,,,,,,,,,,,,,,,,,,,neat
,,,,,,,,,,,,,,,,,,,,,,,,,,,,,,,,,,,,,,interrupt
,,,,,,,,,,,,,,,,,,,,,,,,,,,,,,,,,,,,,,trail
,,,,,,,,,,,,,,,,,,,,,,,,,,,,,,,,,,,,,,introduced
,,,,,,,,,,,,,,,,,,,,,,,,,,,,,,,,,,,,,,present
,,,,,,,,,,,,,,,,,,,,,,,,,,,,,,,,,,,,,,run
,,,,,,,,,,,,,,,,,,,,,,,,,,,,,,,,,,,,,,studio
,,,,,,,,,,,,,,,,,,,,,,,,,,,,,,,,,,,,,,met
,,,,,,,,,,,,,,,,,,,,,,,,,,,,,,,,,,,,,,und
,,,,,,,,,,,,,,,,,,,,,,,,,,,,,,,,,,,,,,suche
,,,,,,,,,,,,,,,,,,,,,,,,,,,,,,,,,,,,,,written
,,,,,,,,,,,,,,,,,,,,,,,,,,,,,,,,,,,,,,letters
,,,,,,,,,,,,,,,,,,,,,,,,,,,,,,,,,,,,,,block
,,,,,,,,,,,,,,,,,,,,,,,,,,,,,,,,,,,,,,eat
,,,,,,,,,,,,,,,,,,,,,,,,,,,,,,,,,,,,,,handwriting
,,,,,,,,,,,,,,,,,,,,,,,,,,,,,,,,,,,,,,impression
,,,,,,,,,,,,,,,,,,,,,,,,,,,,,,,,,,,,,,look
,,,,,,,,,,,,,,,,,,,,,,,,,,,,,,,,,,,,,,wished
,,,,,,,,,,,,,,,,,,,,,,,,,,,,,,,,,,,,,,tells
,,,,,,,,,,,,,,,,,,,,,,,,,,,,,,,,,,,,,,order
,,,,,,,,,,,,,,,,,,,,,,,,,,,,,,,,,,,,,,idea
,,,,,,,,,,,,,,,,,,,,,,,,,,,,,,,,,,,,,,spends
,,,,,,,,,,,,,,,,,,,,,,,,,,,,,,,,,,,,,,sights
,,,,,,,,,,,,,,,,,,,,,,,,,,,,,,,,,,,,,,pp
,,,,,,,,,,,,,,,,,,,,,,,,,,,,,,,,,,,,,,particular
,,,,,,,,,,,,,,,,,,,,,,,,,,,,,,,,,,,,,,worried
,,,,,,,,,,,,,,,,,,,,,,,,,,,,,,,,,,,,,,sounds
,,,,,,,,,,,,,,,,,,,,,,,,,,,,,,,,,,,,,,nazis
,,,,,,,,,,,,,,,,,,,,,,,,,,,,,,,,,,,,,,ask
,,,,,,,,,,,,,,,,,,,,,,,,,,,,,,,,,,,,,,fun
,,,,,,,,,,,,,,,,,,,,,,,,,,,,,,,,,,,,,,lived
,,,,,,,,,,,,,,,,,,,,,,,,,,,,,,,,,,,,,,family
,,,,,,,,,,,,,,,,,,,,,,,,,,,,,,,,,,,,,,stay
,,,,,,,,,,,,,,,,,,,,,,,,,,,,,,,,,,,,,,leaves
,,,,,,,,,,,,,,,,,,,,,,,,,,,,,,,,,,,,,,seep
,,,,,,,,,,,,,,,,,,,,,,,,,,,,,,,,,,,,,,na
,,,,,,,,,,,,,,,,,,,,,,,,,,,,,,,,,,,,,,gon
,,,,,,,,,,,,,,,,,,,,,,,,,,,,,,,,,,,,,,uncertainty
,,,,,,,,,,,,,,,,,,,,,,,,,,,,,,,,,,,,,,night
,,,,,,,,,,,,,,,,,,,,,,,,,,,,,,,,,,,,,,cold
,,,,,,,,,,,,,,,,,,,,,,,,,,,,,,,,,,,,,,real
,,,,,,,,,,,,,,,,,,,,,,,,,,,,,,,,,,,,,,appear
,,,,,,,,,,,,,,,,,,,,,,,,,,,,,,,,,,,,,,walk
,,,,,,,,,,,,,,,,,,,,,,,,,,,,,,,,,,,,,,agreed
,,,,,,,,,,,,,,,,,,,,,,,,,,,,,,,,,,,,,,note
,,,,,,,,,,,,,,,,,,,,,,,,,,,,,,,,,,,,,,replied
,,,,,,,,,,,,,,,,,,,,,,,,,,,,,,,,,,,,,,lost
,,,,,,,,,,,,,,,,,,,,,,,,,,,,,,,,,,,,,,passing
,,,,,,,,,,,,,,,,,,,,,,,,,,,,,,,,,,,,,,blankets
,,,,,,,,,,,,,,,,,,,,,,,,,,,,,,,,,,,,,,attendant
,,,,,,,,,,,,,,,,,,,,,,,,,,,,,,,,,,,,,,book
,,,,,,,,,,,,,,,,,,,,,,,,,,,,,,,,,,,,,,reading
,,,,,,,,,,,,,,,,,,,,,,,,,,,,,,,,,,,,,,dinner
,,,,,,,,,,,,,,,,,,,,,,,,,,,,,,,,,,,,,,eating
,,,,,,,,,,,,,,,,,,,,,,,,,,,,,,,,,,,,,,relevant
,,,,,,,,,,,,,,,,,,,,,,,,,,,,,,,,,,,,,,truth
,,,,,,,,,,,,,,,,,,,,,,,,,,,,,,,,,,,,,,things
,,,,,,,,,,,,,,,,,,,,,,,,,,,,,,,,,,,,,,scary
,,,,,,,,,,,,,,,,,,,,,,,,,,,,,,,,,,,,,,agreeing
,,,,,,,,,,,,,,,,,,,,,,,,,,,,,,,,,,,,,,lessons
,,,,,,,,,,,,,,,,,,,,,,,,,,,,,,,,,,,,,,taken
,,,,,,,,,,,,,,,,,,,,,,,,,,,,,,,,,,,,,,dumping
,,,,,,,,,,,,,,,,,,,,,,,,,,,,,,,,,,,,,,info
,,,,,,,,,,,,,,,,,,,,,,,,,,,,,,,,,,,,,,talking
,,,,,,,,,,,,,,,,,,,,,,,,,,,,,,,,,,,,,,able
,,,,,,,,,,,,,,,,,,,,,,,,,,,,,,,,,,,,,,reader
,,,,,,,,,,,,,,,,,,,,,,,,,,,,,,,,,,,,,,remind
,,,,,,,,,,,,,,,,,,,,,,,,,,,,,,,,,,,,,,arms
,,,,,,,,,,,,,,,,,,,,,,,,,,,,,,,,,,,,,,sat
,,,,,,,,,,,,,,,,,,,,,,,,,,,,,,,,,,,,,,based
,,,,,,,,,,,,,,,,,,,,,,,,,,,,,,,,,,,,,,sitting
,,,,,,,,,,,,,,,,,,,,,,,,,,,,,,,,,,,,,,probably
,,,,,,,,,,,,,,,,,,,,,,,,,,,,,,,,,,,,,,plus
,,,,,,,,,,,,,,,,,,,,,,,,,,,,,,,,,,,,,,brother
,,,,,,,,,,,,,,,,,,,,,,,,,,,,,,,,,,,,,,seen
,,,,,,,,,,,,,,,,,,,,,,,,,,,,,,,,,,,,,,possible
,,,,,,,,,,,,,,,,,,,,,,,,,,,,,,,,,,,,,,photo
,,,,,,,,,,,,,,,,,,,,,,,,,,,,,,,,,,,,,,passport
,,,,,,,,,,,,,,,,,,,,,,,,,,,,,,,,,,,,,,copy
,,,,,,,,,,,,,,,,,,,,,,,,,,,,,,,,,,,,,,making
,,,,,,,,,,,,,,,,,,,,,,,,,,,,,,,,,,,,,,comes
,,,,,,,,,,,,,,,,,,,,,,,,,,,,,,,,,,,,,,news
,,,,,,,,,,,,,,,,,,,,,,,,,,,,,,,,,,,,,,war
,,,,,,,,,,,,,,,,,,,,,,,,,,,,,,,,,,,,,,events
,,,,,,,,,,,,,,,,,,,,,,,,,,,,,,,,,,,,,,past
,,,,,,,,,,,,,,,,,,,,,,,,,,,,,,,,,,,,,,nearby
,,,,,,,,,,,,,,,,,,,,,,,,,,,,,,,,,,,,,,tense
,,,,,,,,,,,,,,,,,,,,,,,,,,,,,,,,,,,,,,generally
,,,,,,,,,,,,,,,,,,,,,,,,,,,,,,,,,,,,,,person
,,,,,,,,,,,,,,,,,,,,,,,,,,,,,,,,,,,,,,line
,,,,,,,,,,,,,,,,,,,,,,,,,,,,,,,,,,,,,,thin
,,,,,,,,,,,,,,,,,,,,,,,,,,,,,,,,,,,,,,super
,,,,,,,,,,,,,,,,,,,,,,,,,,,,,,,,,,,,,,scarves
,,,,,,,,,,,,,,,,,,,,,,,,,,,,,,,,,,,,,,texture
,,,,,,,,,,,,,,,,,,,,,,,,,,,,,,,,,,,,,,smooth
,,,,,,,,,,,,,,,,,,,,,,,,,,,,,,,,,,,,,,direct
,,,,,,,,,,,,,,,,,,,,,,,,,,,,,,,,,,,,,,intended
,,,,,,,,,,,,,,,,,,,,,,,,,,,,,,,,,,,,,,subjunctive
,,,,,,,,,,,,,,,,,,,,,,,,,,,,,,,,,,,,,,wonderful
,,,,,,,,,,,,,,,,,,,,,,,,,,,,,,,,,,,,,,finish
,,,,,,,,,,,,,,,,,,,,,,,,,,,,,,,,,,,,,,help
,,,,,,,,,,,,,,,,,,,,,,,,,,,,,,,,,,,,,,lumbered
,,,,,,,,,,,,,,,,,,,,,,,,,,,,,,,,,,,,,,spot
,,,,,,,,,,,,,,,,,,,,,,,,,,,,,,,,,,,,,,indicate
,,,,,,,,,,,,,,,,,,,,,,,,,,,,,,,,,,,,,,adjusted
,,,,,,,,,,,,,,,,,,,,,,,,,,,,,,,,,,,,,,formal
,,,,,,,,,,,,,,,,,,,,,,,,,,,,,,,,,,,,,,stet
,,,,,,,,,,,,,,,,,,,,,,,,,,,,,,,,,,,,,,free
,,,,,,,,,,,,,,,,,,,,,,,,,,,,,,,,,,,,,,life
,,,,,,,,,,,,,,,,,,,,,,,,,,,,,,,,,,,,,,dishes
,,,,,,,,,,,,,,,,,,,,,,,,,,,,,,,,,,,,,,story
,,,,,,,,,,,,,,,,,,,,,,,,,,,,,,,,,,,,,,singing
,,,,,,,,,,,,,,,,,,,,,,,,,,,,,,,,,,,,,,immediately
,,,,,,,,,,,,,,,,,,,,,,,,,,,,,,,,,,,,,,contractions
,,,,,,,,,,,,,,,,,,,,,,,,,,,,,,,,,,,,,,uses
,,,,,,,,,,,,,,,,,,,,,,,,,,,,,,,,,,,,,,bike
,,,,,,,,,,,,,,,,,,,,,,,,,,,,,,,,,,,,,,riding
,,,,,,,,,,,,,,,,,,,,,,,,,,,,,,,,,,,,,,practice
,,,,,,,,,,,,,,,,,,,,,,,,,,,,,,,,,,,,,,aloud
,,,,,,,,,,,,,,,,,,,,,,,,,,,,,,,,,,,,,,lyrics
,,,,,,,,,,,,,,,,,,,,,,,,,,,,,,,,,,,,,,hears
,,,,,,,,,,,,,,,,,,,,,,,,,,,,,,,,,,,,,,inserting
,,,,,,,,,,,,,,,,,,,,,,,,,,,,,,,,,,,,,,heard
,,,,,,,,,,,,,,,,,,,,,,,,,,,,,,,,,,,,,,quotes
,,,,,,,,,,,,,,,,,,,,,,,,,,,,,,,,,,,,,,passageway
,,,,,,,,,,,,,,,,,,,,,,,,,,,,,,,,,,,,,,barreling
,,,,,,,,,,,,,,,,,,,,,,,,,,,,,,,,,,,,,,child
,,,,,,,,,,,,,,,,,,,,,,,,,,,,,,,,,,,,,,cars
,,,,,,,,,,,,,,,,,,,,,,,,,,,,,,,,,,,,,,opened
,,,,,,,,,,,,,,,,,,,,,,,,,,,,,,,,,,,,,,opens
,,,,,,,,,,,,,,,,,,,,,,,,,,,,,,,,,,,,,,small
,,,,,,,,,,,,,,,,,,,,,,,,,,,,,,,,,,,,,,fact
,,,,,,,,,,,,,,,,,,,,,,,,,,,,,,,,,,,,,,altogether
,,,,,,,,,,,,,,,,,,,,,,,,,,,,,,,,,,,,,,skipped
,,,,,,,,,,,,,,,,,,,,,,,,,,,,,,,,,,,,,,hungry
,,,,,,,,,,,,,,,,,,,,,,,,,,,,,,,,,,,,,,secretary
,,,,,,,,,,,,,,,,,,,,,,,,,,,,,,,,,,,,,,entry
,,,,,,,,,,,,,,,,,,,,,,,,,,,,,,,,,,,,,,journal
,,,,,,,,,,,,,,,,,,,,,,,,,,,,,,,,,,,,,,eggs
,,,,,,,,,,,,,,,,,,,,,,,,,,,,,,,,,,,,,,raw
,,,,,,,,,,,,,,,,,,,,,,,,,,,,,,,,,,,,,,trying
,,,,,,,,,,,,,,,,,,,,,,,,,,,,,,,,,,,,,,lapse
,,,,,,,,,,,,,,,,,,,,,,,,,,,,,,,,,,,,,,typically
,,,,,,,,,,,,,,,,,,,,,,,,,,,,,,,,,,,,,,hear
,,,,,,,,,,,,,,,,,,,,,,,,,,,,,,,,,,,,,,trailing
,,,,,,,,,,,,,,,,,,,,,,,,,,,,,,,,,,,,,,interrupts
,,,,,,,,,,,,,,,,,,,,,,,,,,,,,,,,,,,,,,ellipsis
,,,,,,,,,,,,,,,,,,,,,,,,,,,,,,,,,,,,,,butter
,,,,,,,,,,,,,,,,,,,,,,,,,,,,,,,,,,,,,,peanut
,,,,,,,,,,,,,,,,,,,,,,,,,,,,,,,,,,,,,,instead
,,,,,,,,,,,,,,,,,,,,,,,,,,,,,,,,,,,,,,years
,,,,,,,,,,,,,,,,,,,,,,,,,,,,,,,,,,,,,,afternoon
,,,,,,,,,,,,,,,,,,,,,,,,,,,,,,,,,,,,,,hundreds
,,,,,,,,,,,,,,,,,,,,,,,,,,,,,,,,,,,,,,crumbling
,,,,,,,,,,,,,,,,,,,,,,,,,,,,,,,,,,,,,,missing
,,,,,,,,,,,,,,,,,,,,,,,,,,,,,,,,,,,,,,facial
,,,,,,,,,,,,,,,,,,,,,,,,,,,,,,,,,,,,,,expression
,,,,,,,,,,,,,,,,,,,,,,,,,,,,,,,,,,,,,,little
,,,,,,,,,,,,,,,,,,,,,,,,,,,,,,,,,,,,,,earn
,,,,,,,,,,,,,,,,,,,,,,,,,,,,,,,,,,,,,,developments
,,,,,,,,,,,,,,,,,,,,,,,,,,,,,,,,,,,,,,scenes
,,,,,,,,,,,,,,,,,,,,,,,,,,,,,,,,,,,,,,earlier
,,,,,,,,,,,,,,,,,,,,,,,,,,,,,,,,,,,,,,kisses
,,,,,,,,,,,,,,,,,,,,,,,,,,,,,,,,,,,,,,finger
,,,,,,,,,,,,,,,,,,,,,,,,,,,,,,,,,,,,,,pressing
,,,,,,,,,,,,,,,,,,,,,,,,,,,,,,,,,,,,,,kissed
,,,,,,,,,,,,,,,,,,,,,,,,,,,,,,,,,,,,,,pressed
,,,,,,,,,,,,,,,,,,,,,,,,,,,,,,,,,,,,,,worry
,,,,,,,,,,,,,,,,,,,,,,,,,,,,,,,,,,,,,,crease
,,,,,,,,,,,,,,,,,,,,,,,,,,,,,,,,,,,,,,eyebrows
,,,,,,,,,,,,,,,,,,,,,,,,,,,,,,,,,,,,,,houses
,,,,,,,,,,,,,,,,,,,,,,,,,,,,,,,,,,,,,,clock
,,,,,,,,,,,,,,,,,,,,,,,,,,,,,,,,,,,,,,house
,,,,,,,,,,,,,,,,,,,,,,,,,,,,,,,,,,,,,,span
,,,,,,,,,,,,,,,,,,,,,,,,,,,,,,,,,,,,,,consulting
,,,,,,,,,,,,,,,,,,,,,,,,,,,,,,,,,,,,,,crying
,,,,,,,,,,,,,,,,,,,,,,,,,,,,,,,,,,,,,,felt
,,,,,,,,,,,,,,,,,,,,,,,,,,,,,,,,,,,,,,sort
,,,,,,,,,,,,,,,,,,,,,,,,,,,,,,,,,,,,,,stairs
,,,,,,,,,,,,,,,,,,,,,,,,,,,,,,,,,,,,,,best
,,,,,,,,,,,,,,,,,,,,,,,,,,,,,,,,,,,,,,catch
,,,,,,,,,,,,,,,,,,,,,,,,,,,,,,,,,,,,,,replaced
,,,,,,,,,,,,,,,,,,,,,,,,,,,,,,,,,,,,,,shape
,,,,,,,,,,,,,,,,,,,,,,,,,,,,,,,,,,,,,,excellent
,,,,,,,,,,,,,,,,,,,,,,,,,,,,,,,,,,,,,,old
,,,,,,,,,,,,,,,,,,,,,,,,,,,,,,,,,,,,,,furniture
,,,,,,,,,,,,,,,,,,,,,,,,,,,,,,,,,,,,,,watering
,,,,,,,,,,,,,,,,,,,,,,,,,,,,,,,,,,,,,,translate
,,,,,,,,,,,,,,,,,,,,,,,,,,,,,,,,,,,,,,helped
,,,,,,,,,,,,,,,,,,,,,,,,,,,,,,,,,,,,,,today
,,,,,,,,,,,,,,,,,,,,,,,,,,,,,,,,,,,,,,chimed
,,,,,,,,,,,,,,,,,,,,,,,,,,,,,,,,,,,,,,apostle
,,,,,,,,,,,,,,,,,,,,,,,,,,,,,,,,,,,,,,switched
,,,,,,,,,,,,,,,,,,,,,,,,,,,,,,,,,,,,,,town
,,,,,,,,,,,,,,,,,,,,,,,,,,,,,,,,,,,,,,partway
,,,,,,,,,,,,,,,,,,,,,,,,,,,,,,,,,,,,,,quiet
,,,,,,,,,,,,,,,,,,,,,,,,,,,,,,,,,,,,,,placing
,,,,,,,,,,,,,,,,,,,,,,,,,,,,,,,,,,,,,,foremost
,,,,,,,,,,,,,,,,,,,,,,,,,,,,,,,,,,,,,,greeting
,,,,,,,,,,,,,,,,,,,,,,,,,,,,,,,,,,,,,,yesterday
,,,,,,,,,,,,,,,,,,,,,,,,,,,,,,,,,,,,,,hungarian
,,,,,,,,,,,,,,,,,,,,,,,,,,,,,,,,,,,,,,hiding
,,,,,,,,,,,,,,,,,,,,,,,,,,,,,,,,,,,,,,table
,,,,,,,,,,,,,,,,,,,,,,,,,,,,,,,,,,,,,,raced
,,,,,,,,,,,,,,,,,,,,,,,,,,,,,,,,,,,,,,toy
,,,,,,,,,,,,,,,,,,,,,,,,,,,,,,,,,,,,,,tablecloth
,,,,,,,,,,,,,,,,,,,,,,,,,,,,,,,,,,,,,,enroll
,,,,,,,,,,,,,,,,,,,,,,,,,,,,,,,,,,,,,,rang
,,,,,,,,,,,,,,,,,,,,,,,,,,,,,,,,,,,,,,windows
,,,,,,,,,,,,,,,,,,,,,,,,,,,,,,,,,,,,,,paraded
,,,,,,,,,,,,,,,,,,,,,,,,,,,,,,,,,,,,,,figurines
,,,,,,,,,,,,,,,,,,,,,,,,,,,,,,,,,,,,,,green
,,,,,,,,,,,,,,,,,,,,,,,,,,,,,,,,,,,,,,excited
,,,,,,,,,,,,,,,,,,,,,,,,,,,,,,,,,,,,,,tried
,,,,,,,,,,,,,,,,,,,,,,,,,,,,,,,,,,,,,,confusion
,,,,,,,,,,,,,,,,,,,,,,,,,,,,,,,,,,,,,,picked
,,,,,,,,,,,,,,,,,,,,,,,,,,,,,,,,,,,,,,eggcup
,,,,,,,,,,,,,,,,,,,,,,,,,,,,,,,,,,,,,,pretended
,,,,,,,,,,,,,,,,,,,,,,,,,,,,,,,,,,,,,,hat
,,,,,,,,,,,,,,,,,,,,,,,,,,,,,,,,,,,,,,yelled
,,,,,,,,,,,,,,,,,,,,,,,,,,,,,,,,,,,,,,understandable
,,,,,,,,,,,,,,,,,,,,,,,,,,,,,,,,,,,,,,terms
,,,,,,,,,,,,,,,,,,,,,,,,,,,,,,,,,,,,,,glossary
,,,,,,,,,,,,,,,,,,,,,,,,,,,,,,,,,,,,,,like
,,,,,,,,,,,,,,,,,,,,,,,,,,,,,,,,,,,,,,laugh
,,,,,,,,,,,,,,,,,,,,,,,,,,,,,,,,,,,,,,beamed
,,,,,,,,,,,,,,,,,,,,,,,,,,,,,,,,,,,,,,nice
,,,,,,,,,,,,,,,,,,,,,,,,,,,,,,,,,,,,,,american
,,,,,,,,,,,,,,,,,,,,,,,,,,,,,,,,,,,,,,dating
,,,,,,,,,,,,,,,,,,,,,,,,,,,,,,,,,,,,,,extremely
,,,,,,,,,,,,,,,,,,,,,,,,,,,,,,,,,,,,,,introduction
,,,,,,,,,,,,,,,,,,,,,,,,,,,,,,,,,,,,,,year
,,,,,,,,,,,,,,,,,,,,,,,,,,,,,,,,,,,,,,lot
,,,,,,,,,,,,,,,,,,,,,,,,,,,,,,,,,,,,,,second
,,,,,,,,,,,,,,,,,,,,,,,,,,,,,,,,,,,,,,hugged
,,,,,,,,,,,,,,,,,,,,,,,,,,,,,,,,,,,,,,classes
,,,,,,,,,,,,,,,,,,,,,,,,,,,,,,,,,,,,,,university
,,,,,,,,,,,,,,,,,,,,,,,,,,,,,,,,,,,,,,fall
,,,,,,,,,,,,,,,,,,,,,,,,,,,,,,,,,,,,,,beams
,,,,,,,,,,,,,,,,,,,,,,,,,,,,,,,,,,,,,,gone
,,,,,,,,,,,,,,,,,,,,,,,,,,,,,,,,,,,,,,feeling
,,,,,,,,,,,,,,,,,,,,,,,,,,,,,,,,,,,,,,guess
,,,,,,,,,,,,,,,,,,,,,,,,,,,,,,,,,,,,,,scarf
,,,,,,,,,,,,,,,,,,,,,,,,,,,,,,,,,,,,,,early
,,,,,,,,,,,,,,,,,,,,,,,,,,,,,,,,,,,,,,playing
,,,,,,,,,,,,,,,,,,,,,,,,,,,,,,,,,,,,,,tv
,,,,,,,,,,,,,,,,,,,,,,,,,,,,,,,,,,,,,,noticed
,,,,,,,,,,,,,,,,,,,,,,,,,,,,,,,,,,,,,,center
,,,,,,,,,,,,,,,,,,,,,,,,,,,,,,,,,,,,,,detention
,,,,,,,,,,,,,,,,,,,,,,,,,,,,,,,,,,,,,,arrived
,,,,,,,,,,,,,,,,,,,,,,,,,,,,,,,,,,,,,,late
,,,,,,,,,,,,,,,,,,,,,,,,,,,,,,,,,,,,,,evening
,,,,,,,,,,,,,,,,,,,,,,,,,,,,,,,,,,,,,,seventeen
,,,,,,,,,,,,,,,,,,,,,,,,,,,,,,,,,,,,,,pinning
,,,,,,,,,,,,,,,,,,,,,,,,,,,,,,,,,,,,,,explore
,,,,,,,,,,,,,,,,,,,,,,,,,,,,,,,,,,,,,,listening
,,,,,,,,,,,,,,,,,,,,,,,,,,,,,,,,,,,,,,aqua
,,,,,,,,,,,,,,,,,,,,,,,,,,,,,,,,,,,,,,adult
,,,,,,,,,,,,,,,,,,,,,,,,,,,,,,,,,,,,,,pretending
,,,,,,,,,,,,,,,,,,,,,,,,,,,,,,,,,,,,,,laughed
,,,,,,,,,,,,,,,,,,,,,,,,,,,,,,,,,,,,,,kitchen
,,,,,,,,,,,,,,,,,,,,,,,,,,,,,,,,,,,,,,sentiment
,,,,,,,,,,,,,,,,,,,,,,,,,,,,,,,,,,,,,,interview
,,,,,,,,,,,,,,,,,,,,,,,,,,,,,,,,,,,,,,apron
,,,,,,,,,,,,,,,,,,,,,,,,,,,,,,,,,,,,,,sugar
,,,,,,,,,,,,,,,,,,,,,,,,,,,,,,,,,,,,,,nose
,,,,,,,,,,,,,,,,,,,,,,,,,,,,,,,,,,,,,,called
,,,,,,,,,,,,,,,,,,,,,,,,,,,,,,,,,,,,,,insisted
,,,,,,,,,,,,,,,,,,,,,,,,,,,,,,,,,,,,,,hug
,,,,,,,,,,,,,,,,,,,,,,,,,,,,,,,,,,,,,,big
,,,,,,,,,,,,,,,,,,,,,,,,,,,,,,,,,,,,,,screen
,,,,,,,,,,,,,,,,,,,,,,,,,,,,,,,,,,,,,,powdered
,,,,,,,,,,,,,,,,,,,,,,,,,,,,,,,,,,,,,,momentarily
,,,,,,,,,,,,,,,,,,,,,,,,,,,,,,,,,,,,,,seeing
,,,,,,,,,,,,,,,,,,,,,,,,,,,,,,,,,,,,,,interviewing
