Book 1,Book 2,Book 3,Book 4
ai,understand,best,millions
said,sure,finding,stupid
qualify,reciting,old,metal
chill,easier,newspaper,gate
til,said,unusual,felt
breath,lecturing,hey,million
froze,finished,said,miles
nose,finally,want,stared
little,park,come,strand
icicle,slide,bomb,hair
today,pushed,shelter,place
reply,friends,built,looked
think,care,little,mirror
know,like,town,combed
pa,looked,lived,fingers
different,help,commuter,separated
stories,nervous,train,salon
lost, ,ride,come
leg,going,caught,sleek
cold,right,fray,line
entertaining,laughed,jumped,right
mean,thirteen,dog,came
uh,practically,boots,life
uncle,summer,help,want
calls,times,star,sweetie
hero,dozen,sheriff,mom
old,board,silver,straightening
work,jumped,like,stood
pretty,age,glinted,allergy
conversation,come,metal,black
fought,wanted,burned,slacks
night,asked,labels,job
listening,jump,tall,interview
version,told,feet,crisp
real,knew,cans,dark
like,waiting,tin,feet
farmers,ladder,pile,thought
people,boy,loomed,bounced
everybody,cried,farther,earlier
right,ahead,bit,months
built,acted,pair,moved
tell,noticed,giving,pong
things,pretty,torture,ball
fine,sister,agreed,finally
got,minute,spy,ran
thought,got,noodles,steam
live,pool,dumpling,anxiety
big,school,circle,page
involved,started,half,listed
running,words,loved,attack
bear,blue,perogies,recommended
den,thousand,promised,spot
wound,different,mom,goodness
ball,shades,love,like
twine,yeah,finally,motorized
baseball,common,cowboy,fries
new,friend,leather,went
postmaster,find,mean,oh
coming,need,week,better
town,day,brought,invented
grown,boss,home,think
ups,ruined,box,got
kids,swimming,right,lumbered
supposed,eleventh,shape,cold
boy,grade,size,frolicking
store,felt,hold,flying
manages,palm,filled,started
debts,took,mashed,friend
family,way,potatoes,mean
evenings,tomorrow,cheese,trip
gathers,liked,war,summer
came,street,bad,years
evening,likes,limp,divorced
met,sighed,arms,happily
lady,open,thick,they’d
meanest,bar,strong,father
train,candy,nipping,backpacking
wait,shared,man,grandparents
children,entrance,change,tried
day,zoo,started,visit
boys,wall,born,wanted
spend,sat,time,point
left,bought,months,written
worst,shoulder,died,plan
chip,hand,grandma,told
best,eyes,polish,distract
wrong,commanded,circus,town
friend,quiet,genuine,kid
piece,roar,dirty,machine
bad,listened,shoot,ray
luck,night,grabbed,bones
tried,wet,shoes,photos
steal,hair,pull,bazillion
hoop,gotten,spent,took
grandma,bye,morning,story
summer,good,following,dad
worked,waving,collection,women
men,replied,truck,pregnant
local,highest,pretended,babies
birthday,little,watching,people
outhouse,sixteen,swing,old
falling,tallest,piles,problem
older,diving,bed,day
sat,platform,waiting,foot
house,high,turn,x
course,perfect,scale,floor
ran,kind,ankles,room
stick,positive,climbed,locker
days,throw,poking,surfaces
roll,super,father,contaminated
money,huge,standing,touching
bought,meter,let,caught
wind,movies,friend,viruses
careful,changed,rolled,caused
good,beautiful,pointed,warts
lazy,standing,gun,section
gotten,probably,summer,children
mail,send,grown,happy
beating,test,looked,week
pipe,sends,big,enormous
pay,professor,high,opened
refusing,correspondence,live,door
skipped,classes,school,compartments
finally,grades,smudged,previous
late,history,cheeks,riders
smoking,wonderful,wide,sat
usual,carried,eyes,attendant
rocker,plates,away,perched
working,dining,pulled,end
houses,interested,shirt,pulled
block,room,surrender,book
city,thought,commie,white
sneaking,schools,newsprint,red
approve,arguing,expected,wheel
row,politicians,soviet,flag
bunch,telling,parachuting,bench
mounds,run,sky,world
hideout,beat,shoe,rates
secret,closed,convinced,homicide
places,weeks,handed,meine
church,know,asked,exclaimed
play,family,inside,reminded
organ,hour,raccoons,traveling
told,hi,turned,carnivals
museums,coming,haunted,rides
visited,sweetie,pond,inspected
set,wore,shack,said
paints,dazzling,gave,lowest
clumps,smile,look,austrian
slow,transformed,flying,streetcars
fall,nice,com,speaking
decided,guy,voice,reading
staring,movie,cracked,couch
ground,star,sank,sitting
shovel,better,teeth,pictured
girl,grinned,holding,nanny
sure,ground,head,gotten
cave,picked,trophy,breaths
build,big,slid,taught
songs,fact,hill,takes
book,maybe,loose,sure
dig,organize,papers,wet
bulge,study,million,towel
huge,groups,pieces,squeeze
mound,math,times,water
spread,gave,loudly,movies
showed,hug,mornings,original
artist,looking,jar,language
piano,invent,way,german
lessons,bed,stayed,subtitles
school,wondering,shattered,dubbed
hand,things,raining,american
dirt,fooled,got,likes
looking,awful,sure,imagine
far,inside,deal,english
away,talking,mother,theater
pointed,lay,work,big
war,fun,article,scene
pace,lint,unwrapped,returned
aid,piece,paper,smiling
enemy,naturally,percent,roller
grass,mean,miserable,coaster
playing,sweater,tell,forced
minutes,bragging,camp,stand
started,seen,german,hey
complaining,fine,locked,film
hour,believe,knew,poster
covered,pulled,bounced,movie
lie,small,clock,watched
tall,green,oh,rocket
music,turtles,careless,ship
rest,bag,hi,dip
quietly,placed,retorted,turn
yeah,feather,called,booth
shrugged,carefully,handing,selling
kind,bottle,dad,tickets
bathed,pocket,anymore,noticed
daddy,reached,wrapping,towering
hi,late,purchase,home
office,imagine,noticed,parts
post,people,immediately,fun
stop,book,reached,singing
beer,underwear,crumple,starts
mumbled,old,snatched,randomly
suggested,prime,commies,character
man,numbers,allies,awkward
turned,sorry,wrapped,ones
way,square,package,regulated
gave,magic,growled,heavily
home,bring,held,pretty
tack,heart,hand,parks
hard,yes,slammed,amusement
questions,fast,door,deep
answer,election,stormed,alles
time,bad,heard,finished
yes,mood,accuse,whispering
corrected,thinking,communist,pages
hello,smaller,struck,fan
took,colored,possibility,plays
knife,person,took,pockets
looked,talked,baby,hands
entered,drinking,blanket,kept
soon,glass,containing,age
sort,tea,dead,girl
help,conversation,fish,boy
asked,tried,face,teenagers
cried,picture,deadly,stroller
record,year,purchases,sleeping
grinned,girl,sandwich,toddler
lowered,kept,walked,mother
counter,imagining,inspected,ich
room,version,broken,irgendwie
standing,flowered,glass,guy
window,soon,floor,meant
mailboxes,weekend,seen,nearly
mailbag,presentation,felt,sit
dragged,asleep,humiliated,minutes
sharp,apron,store,moving
found,think,gathered,stopped
corner,idea,tongue,care
head,whites,clucked,dots
poked,cold,reply,look
soda,voted,lady,talking
pull,ways,buying,bad
wagon,taught,eggs,waiting
picked,relax,afternoon,starred
glad,actually,spend,set
headed,time,helping,birthday
smooth,appeared,room,practice
walls,practice,hurried,skills
pack,waved,sweep,cooked
stones,air,counter,feeling
large,stood,leave,seven
voice,second,decided,helfen
shaved,thing,count,safety
young,morning,huffed,statistics
awful,cleaned,blue,bathrooms
hurting,house,staring,free
loaded,rule,hungry,pay
paid,giving,complained,use
case,cleaning,bird,phone
happened,ran,wrap,missed
picking,meet,items,safe
form,question,people,watch
correct,large,bought,couple
pen,cowgirl,thinking,sign
searching,sit,register,stated
let,stopped,pecking,gets
page,riding,keys,built
gather,sunset,newspapers,days
bag,answer,heading,nervous
cents,plucked,sort,brunch
words,cards,joke,pancake
laughed,hands,talking,la
handed,ridden,laughed,piuma
rushed,horse,stopped,sang
hardly,twice,laughing,donna
stopping,camp,weekends,è
trip,seven,gets,mobile
fishing,crush,cold,qual
friendly,students,forced,pizza
maybe,scary,sounded,dinner
catalogue,scratched,saw,tossed
flipped,nose,page,communist
pulling,wide,new,surely
desk,brown,sheet,smoke
reaching,thrilling,glanced,celebrate
better,jewel,lightbulbs,going
feel,secret,flinched,grilled
rain,given,left,cooking
half,teenagers,customers,cheese
corn,dates,wondered,dreams
rotting,sneak,finish,cast
field,drink,looking,onion
week,beer,end,knife
crawl,lions,going,notice
inside,thirty,hospital,pitying
quiet,algebra,deep,decapitate
hunt,saddle,breath,new
noon,headed,word,song
times,quarry,scars,sounded
passed,natured,clear,cd
trains,stupid,eat,gone
couple,kids,spot,remembered
dimes,course,table,talk
year,instead,probably,player
save,apples,calling,country
number,handed,phone,frying
car,shook,rang,pot
hollered,head,picked,meaty
guess,held,accordion,thick
soldiers,stepped,playing,stirring
getting,slid,player,aprons
ready,rubbed,record,matching
ship,waited,went,wearing
stuck,gift,walk,standing
pm,tv,learn,kitchen
daily,evening,lawn,runs
relaxing,half,skipped,river
seed,heard,loafers,left
able,brightest,penny,sightseeing
clock,tight,atomic,remember
ones,living,dropped,night
schedule,holding,happen,bombs
went,wrapped,grass,fell
depot,handkerchief,wet,frozen
waved,brother,smell,stove
crazy,cars,suddenly,pan
saw,signs,cried,tv
riverbank,windows,kept,lady
platform,look,dreamed, 
yelled,channel,mention,bet
throw,man,guess,tired
added,rocks,distracted,matter
filled,collect,notice,iron
water,place,hardware,pure
carefully,mainly,owned,catholic
returned,shallow,care,kids
indian,pond,worry,presents
remembered,quietly,woke,riverbank
gone,hot,reading,friends
fire,walked,distress,long
held,slowly,movies,muslim
blanket,boulder,hear,lived
unfolded,yelled,start,good
wife,lives,yelling,toothache
prayer,rock,$,know
silent,feel,running,baby
briefly,crusher,worrying,accident
moved,chattered,day,car
lips,broadcasting,hands,mainly
eyes,fingertip,waving,died
closed,leaned,outside,middle
cabin,yelling,stood,yes
dead,horns,short,serb
arrived,honking,past,guests
dropped,caught,church,things
politely,arm,dollars,picking
clutching,integration,lot,knock
bowl,communism,supposed,ago
handsaw,final,sleep,sixth
sell,drop,yes,blanket
shovels,blood,tossing,curl
nodded,oozed,spaghetti,turned
ignored,window,colander,sleep
picks,fiddling,strands,rainbows
word,principal,pasta,upset
saying,continued,wriggled,neighbors
dang,voice,edge,allowed
heard,lowered,fell,associate
bit,forward,enthusiasm,anymore
caused,saw,blast,dates
digging,mother,maybe,change
long,attention,pantry,butterflies
gasped,withdrawn,small,galaxy
upset,loaned,wall,far
interested,red,hung,away
reached,bright,beds,chopping
entrance,turned,bunk,city
shoved,marry,weeks,grew
fact,peacock,creating,rid
crackers,preening,blocks,republics
realized,stroking,concrete,terrified
cause,bus,walls,today
barely,whispered,space,evening
pressing,hairbrush,canned,dance
hold,week,monster,partner
making,homeroom,intruders,bridge
died,yep,ward,buys
years,agreed,hungarian,ice
ago,homework,cardinal,cream
bigger,problems,movie,incident
palm,called,ushers,walk
ask,wrong,caps,time
holding,scattered,jackets,year
sign,assignment,joked,studio
relatives,mats,mood,unlike
led,nicely,parents,bus
picture,woven,told,beautiful
dry,picnic,seat,eat
hot,table,couple,cake
letting,daddy,goods,leader
walked,dropped,browned,hour
afternoon,monkey,hiding,lot
sun,confused,hills,sighed
named,grinning,course,accidentally
pirate,sounded,communism,sandwiches
hole,worry,written,crying
ships,slept,books,stricken
map,beans,guy,absolutely
treasure,paused,liked,sob
title,paying,visit,paprika
glanced,hallway,reporter,added
sailing,word,money,giggle
swimming,hall,reminded,continued
balance,step,awful,fake
screamed,marlee,car,study
suddenly,throat,rest,hundreds
skirt,cleared,trying,orange
pushing,moment,remember,stuff
practically,squash,enjoy,little
girls,corn,cake,tiny
usually,planted,tough,sesame
stayed,crops,american,seeds
helped,explaining,evening,found
barefoot,went,perfectly,control
river,shushed,read,beetles
teach,speechless,stove,fridge
swim,raised,cooking,swimming
walking,surprised,lunch,tomatoes
finished,flipped,corn,bacon
telling,smoked,garden,strange
bout,peace,dinner,cheeses
expected,pipe,plum,tasted
refuse,shy,sitting,bowls
clutched,football,starred,removed
afraid,talk,congressional,reddish
sticks,class,investigator,yelling
crawdads,indian,fighting,favorite
rock,headdress,kitchen,eaten
age,definitely,nice,arriving
sample,doable,supplies,laughing
stool,month,water,smiled
offered,ago,prayed,yeah
kitchen,dead,drop,cup
barrel,away,shoved,tea
loafers,days,knelt,chatting
pair,write,shrugged,worked
pill,turn,explained,mopped
pride,maid,afterward,seated
swallowed,sick,double,table
end,fainted,heart,stairs
pass,squealed,feature,bit
need,breathed,beating,warier
noticed,kidding,fast,patted
finding,long,wanted,kindly
mutiny,lasts,aloud,jumped
gon,glasses,relief,chair
na,peering,beers,fast
drift,reported,cooler,knocked
brave,cousin,sat,glass
talking,neck,die,guffawed
parrot,giraffe,legs,arm
felt,stomach,sneak,stew
jar,tribes,believe,seat
read,lived,story,hug
pirates,near,placed,gross
world,river,speak,heated
giggled,french,need,best
paddle,explorers,bodies,pounds
doggy,came,tattooed,bugs
trying,flu,numbers,serving
face,returning,able,ladlefuls
nice,tell,twice,translated
wet,afraid,gone,gave
sound,braids,pale,cone
stays,report,brown,pine
moving,home,yellow,awful
favorites,determined,flecks,sound
encouragement,pick,muddy,thinking
especially,true,stream,help
shoes,stuck,pans,arrived
bother,counted,gold,cutting
white,baptist,prisoners,dishes
chalky,church,concentration,eating
wanted,careful,camps,actually
push,glance,given,percent
shallow,mirror,knock,reduced
curve,real,answer,fat
dinner,bell,returned,milk
needed,outside,moment,find
ta,pop,beer,need
calm,confidence,later,fill
arms,gone,root,refrigerated
liked,black,finishing,blueberry
kept,leave,known,raspberry
sail,rang,gypsies,apricot
wished,lunch,nodded,boxes
arm,ill,bright,gamely
brothers,lips,cheerful,search
carried,tighter,find,helped
dress,oh,words,offend
oldest,best,stared,candy
child,tired,long,smelled
asking,wait,matter,month
surprised,needed,having,skim
mama,kitchen,grunted,spent
whispered,remembered,window,jam
stormed,tutoring,washing,italian
worms,session,arrived,luckily
kill,feeling,life,liked
fell,afternoon,understood,peppers
sir,pursed,pay,switched
seen,getting,heed,plates
suit,story,sister,loaf
porch,calmed,firmly,small
waiting,face,thank,rolls
strange,puzzled,owed,round
sharply,poked,quietly,traditional
reset,okay,sign,different
friends,straight,noon,current
tons,racing,fault,types
lot,remembering,moods,fiber
plan,opened,needing,taste
figured,mouth,thought,practically
pet,light,smarter,nutty
fade,skinned,expelled,turning
smell,pretending,gotten,amusing
human,white,gut,drank
unusual,lying,snorted,semmeln
snares,angry,followed,downtime
check,sunlight,huge,build
patch,saying,today,telling
sage,hearing,confess,overheard
cheap,cut,realize,chatted
rabbits,blueberry,rehash,increased
broom,teeth,nasty,believed
later,expecting,horse,firmly
rabbit,today,tries,twice
swamp,toss,know,danced
eat,asking,walking,games
thin,realize,street,playing
oh,brushing,confront,spend
fair,pieces,guys,afternoons
stew,left,scab,counter
showing,pie,wondering,ripen
spent,hope,thing,let
mentioned,lucky,bullets,ready
stupid,injuries,sorts,sweet
near,heal,dodged,juicy
cut,crawled,schoolboys,board
buzzard,delicious,asks,weeks
mess,chicken,tommy,single
drinking,guts,smiled,shopping
root,funny,worked,grocery
wire,helpless,hello,sixteen
meat,praying,tuberculosis,local
fetch,hard,redder,calls
apiece,dinner,scar,minute
served,life,possible,mornings
find,guess,kind,routine
earn,glanced,nonsense,plug
serving,poured,takes,humming
gathered,sweet,pursuing,boiling
frustrated,stuffing,real,fountain
dreamed,line,criminals,errands
bald,moist,quickly,run
beginning,pass,hearing,bread
caught,try,stop,nearby
darker,worried,sit,thirteen
skin,kindly,russian,asked
fields,expelled,charges,pepperoni
seeds,protect,false,disappointed
plant,soldiers,communists,discover
specially,settled,poison,special
perfectly,kill,z,rarely
road,club,bet,lapsed
watching,calling,gestured,means
aisle,danger,place,event
floor,means,sent,work
dusty,stay,injured,poured
scuffed,youngest,shortly,given
turnips,let,repeated,kettle
want,outspoken,chairs,electric
wonder,hear,idea,toast
understand,oatmeal,exclaimed,imagined
turnip,spoonfuls,play,basically
hoe,nodded,carols,threw
drop,certain,helped,pegs
tiny,realized,year,evenings
wo,scowled,raised,alternate
boring,want,send,having
spending,wo,catholic,bigger
starts,walk,missions,meal
drove,clever,world,living
worrying,group,magazine,colored
broken,women,sale,person
windows,votes,house,version
miles,page,boys,olds
heavy,article,liberate,instead
going,door,bunch,called
lagged,members,prove,game
cover,snowed,including,wine
job,associated,question,tavern
shoulder,actor,drive,explained
thank,graduation,begged,laughed
married,tickets,rid,insisted
knew,ready,buy,deal
aisles,opinions,lessons,face
buying,police,excuse,kinds
pens,reason,college,buying
paper,husband,boxes,overboard
ink,member,membership,bites
grandpa,oppose,semester,start
rows,formed,path,planning
helping,clutched,dark,fine
gallon,able,fully,dice
sack,wheel,saving,trying
gosh,world,route,conditioned
stay,filled,plan,air
continued,hate,card,silly
sighed,woke,perfect,outside
wish,speak,local,warm
says,signed,governments,okay
mamas,steering,countries,restaurant
run,invited,grandson,flour
leaving,upset,support,sugar
shared,remember,needed,eggs
twins,cry,fight,market
walk,minister,crossed,joy
satchel,older,good,butter
bed,avowed,spread,clapped
threw,purpose,search,buy
line,support,records,real
stood,segregation,creep,apartment
register,pictures,slow,socks
bath,case,magazines,dry
seat,knuckles,purchased,bag
sitting,ears,families,way
brother,trying,years,later
seven,order,exactly,serbian
raise,news,friendly,snipers
gulped,fat,willing,targeting
ma’am,blond,holidays,ate
intent,caterpillars,visited,showed
foot,wriggling,provided,marks
sticking,spoke,supporter,saved
meant,missed,brainwash,play
mayor,parents,happy,hills
poor,eyebrows,race,toy
high,crooked,save,hairdresser
teacher,swing,souls,aunt
start,lock,poor,inches
learning,tower,godless,sniper
anybody,classroom,bless,staying
stuff,appears,remembered,thing
shade,ideal,soul,dye
blonde,explained,clasps,forth
hair,starting,rusted,dog
paler,hissed,undid,thank
pearl,car,carefully,heard
necklace,water,color,tonight
early,splashed,rotten,carefully
rocks,sink,dress,rebellion
chestnut,crying,shapeless,teenage
trees,stalls,answered,sort
schoolhouse,sitting,think,closed
person,remain,wearing,whispered
wooden,interrupted,party,green
desks,live,telegram,assumed
middle,confusion,use,eighteen
blocks,mother’d,evidence,eye
invited,indefinitely,blushing,picked
shoot,private,faded,purse
scribbled,insisted,mentioned,trucks
list,stared,budge,brother
stopped,leaving,hundreds,marched
knows,ruining,teach,gut
morning,thank,seamstress,aber
ruler,papers,subscriptions,officer
role,desk,cards,visited
sin,approach,buttons,shorter
grade,opposite,copies,wait
called,taken,according,fair
hung,grading,piano,desk
chalk,choice,pumpkins,stepped
ended,snapped,burning,boots
break,concern,devoted,cousin
outfit,porch,corner,live
practical,stand,black,words
grammar,happened,wood,police
rang,found,large,clear
bell,cafeteria,lamp,question
shuffled,occasionally,kerosene,walked
wore,granny,came,handed
blue,plate,light,man
silk,pancake,white,clipboard
collected,eaten,tiny,voice
floors,wallowing,enormous,woman
coal,kissed,vegetable,complimented
stove,touched,surely,instructions
winter,tears,arrive,series
emerald,burst,plain,rattled
fore,dearest,dance,papers
finish,relent,till,stamp
game,curled,danced,visible
pile,trunk,opens,hand
accidentally,suitcase,restaurant,shoulder
hours,cheek,says,temperature
boiled,tonight,minutes,dropped
months,youth,slices,degrees
teased,station,lemon,soon
pots,wart,sugar,love
wood,maple,bowl,heartbeat
shed,middle,nazis,universe
tomorrow,rapped,english,ethnic
forgotten,stayed,hard,background
incident,owe,government,important
ahead,lot,owners,law
talked,father,businesses,barely
whipping,rode,added,send
hear,hurt,offered,accented
door,personally,pipe,pointing
bring,saved,talk,hall
come,soviet,mouthful,station
glared,invasion,devious,luck
funny,hero,spies,pigs
love,acting,planning,plastic
seeing,usual,showed,half
reading,spot,bellows,makeup
busy,retelling,smooth,normal
won,gossip,chord,chain
okay,bike,view,crescent
hush,pews,peace,necklace
p,softened,smoke,tucked
u,clear,tribe,hidden
blinded,tone,friends,shirt
worse,politely,samovar,translate
exactly,syrup,wagon,opera
marble,snatched,red,gives
exclaimed,note,lugging,worry
snorted,imaginary,found,sports
played,suggested,entirely,wear
joke,quarters,tea,steps
idea,written,marbles,actual
spell,ask,flowers,inside
o,daughter,flour,stone
t.,folded,pretty,money
bake,listed,sounds,salary
catch,rolls,letters,buildings
tree,staying,butter,conditioning
spelled,stained,hips,bosnian
h,couple,listen,solid
look,altar,plate,rocks
crying,read,sandwiches,lunch
drawn,armband,open,pinned
hearts,gently,faced,barrette
stand,injury,pats,ear
faster,cage,admit,eyes
circle,cover,learned,proud
marbles,policeman,alphabet,dense
knocked,arrest,lesson,led
shooter,singing,pumpkin,streak
flicked,fan,neat,morning
sweetheart,badge,tidy,flight
scolded,current,furniture,stop
problems,contract,wooden,busy
numbers,file,pie,grand
watch,placing,shining,downtown
kiss,cup,hallway,nightmare
smooch,accident,making,gehabt
fun,feathers,glow,habe
spelling,stroked,orange,expression
bee,rafters,sun,paperwork
eighteen,attic,lying,street
drew,eagle,pillows,cool
harder,woken,propped,crowded
chimed,perch,allowed,picnic
knock,tiny,shrieking,store
attention,chest,resettled,replied
chuckled,moving,chair,corner
laughing,fly,nearby,afraid
hiccup,gathered,bath,examples
chanted,work,pillow,oldest
explained,misfortune,smile,bright
ate,forbidding,pain,founded
smile,working,winced,maybe
hurt,befallen,bite,garden
divide,contact,nearly,recital
teaches,hungry,stomach,languages
homework,thoughts,discussing,zombies
clothes,education,tears,hang
ruining,walking,magnifying,glimpse
mad,eggshells,conversational,number
apes,reaching,freckles,large
speak,dish,bossy,effort
shown,towel,calm,paused
write,opening,imagined,chewing
remainder,smiling,skin,pen
smiled,progress,second,violin
feelings,wondered,graft,neighbor
raised,mad,bites,guess
apologize,sending,lobby,sense
parlor,suddenly,worse,continuously
table,restraining,operation,operated
dining,new,hitting,zoo
minute,miss,stealing,leave
biscuits,closer,planned,organized
understood,anger,ate,slowly
nerve,proud,soon,invited
quick,happy,scared,pet
explains,despite,minute,animal
story,dripped,sighed,literally
eventually,met,better,residence
hurried,known,feeling,royal
dismissed,strong,restocking,family
relief,confident,rushed,ruled
wing,reminded,carved,seats
hobbled,blew,scooped,perform
leaning,nudged,showing,ballroom
instructed,ridiculous,punished,dancing
pilot,silent,smiling,buses
tight,bandanna,goop,passage
forced,phone,cash,negotiated
winked,federal,bored,organization
gallons,marshal,connection,wrote
chalkboard,showing,arrest,handwriting
math,spooked,cart,neat
shook,minutes,jail,careful
problem,decided,playground,pair
somebody,months,getting,au
heartily,confirmed,shelves,hire
greet,figured,baked,met
recess,number,bring,office
meet,sent,fun,newspaper
scared,visited,managed,headscarves
mention,offered,basket,building
chores,peanuts,fit,hill
crash,aw,barely,checkpoints
hurry,snorted,bag,roads
board,happens,mixed,rebecca
landing,matter,working,roman
gas,forever,nervously,hide
pushed,job,scrubbing,rest
crowd,housekeeping,bare,foreground
forgot,admitted,case,informed
zero,drawn,display,true
remembering,bother,windows,vast
wings,leaf,displays,palace
plane,began,shops,jewish
talk,coat,drugstore,evacuations
tired,pen,fingering,community
teasing,melted,weekend,head
welcome,dare,complaining,society
parents,truth,headaches,humanitarian
bursting,bench,shook,complete
worried,smiled,rode,formal
smart,mask,bike,gardens
answered,past,coming,maze
crisp,grounded,patient,planned
northern,sneaking,create,speak
confused,friendly,schoolkids,hated
south,moved,shop,wheels
accent,digits,usually,looking
stepped,scowling,night,safest
forward,exactly,style,items
stared,repeated,great,stays
elbow,qualified,oven,tolerate
softly,scientists,ladies,learned
leaned,random,seeds,understand
loud,hypothetical,banged,eventually
worn,miserably,fewer,granted
sisters,pools,try,general
sounded,fall,fact,asylum
pleased,start,harder,temporary
strike,stores,ignore,receive
exchanged,department,thoughts,star
stronger,bathrooms,round,protected
size,mix,treating,seriously
jumped,races,trick,status
convinced,watch,approaching,apparently
try,lead,circles,happen
grin,associating,chasing,applicants
swung,girls,tail,east
cept,deal,paint,closest
thing,teachers,deliver,western
girlfriend,meant,feed,wish
having,boys,surprised,taken
fight,trouble,cry,meeting
muttered,governor,warily,countries
broke,lit,rained,crossly
missing,candle,excited,perfect
mile,bathroom,looks,spaghetti
managed,ghost,pajamas,official
pick,country,early,opportunities
pitch,satellite,flew,eastern
catching,studying,fresh,began
actually,badly,chocolate,west
sliding,teacher,hot,political
disappeared,needs,quiet,situation
base,watching,o’-lantern,freedom
blood,states,cup,economic
elman,rights,admiring,agencies
point,preserving,crunching,quotas
black,respecting,opened,sorts
eye,southern,mud,legal
sent,traditions,covered,persecution
innings,rough,egg,cover
hit,patch,boiled,placed
winced,beginning,body,carton
worry,breaking,oily,itchy
smiling,communists,grinning,numbers
longer,brand,jack,posture
bat,inch,clipping,upright
happening,mahogany,meant,parmesan
plate,television,published,block
puppy,console,pinking,grated
cry,rabbit,shears,plated
turn,channels,afternoons,foreigner
taking,sort,cut,vice
dugout,pride,suffered,versa
stumps,college,severe,permission
hissed,ones,drew,immigrate
glance,halls,bats,effect
pitched,sleep,skeletons,immigration
pitcher,lulled,hidden,permit
single,roaring,grove,officially
smirk,countertop,yesterday,citizens
double,fell,note,write
decent,quickly,talents,hard
firmly,wax,downers,soviet
sweet,turning,degree,scientists
spied,enrolled,burns,trickle
copperhead,tossing,skirt,fleeing
deep,usually,month,artists
familiar,laundry,fire,repressive
dare,iced,coat,regime
woods,showed,arm,apron
close,ironing,draped,times
metal,feet,discover,remained
scrap,hammock,instead,steady
enthusiastic,supposed,okay,holding
visit,economics,leaving,spoke
sit,teaching,couch,rapidly
rich,english,plucked,petted
caps,comfortable,candy,moment
bottle,terrible,mind,invading
collecting,brush,sharing,speckled
focus,frowned,sauntered,brown
mind,close,afraid,tan
switch,set,leftover,intestinal
willing,skirt,eating,track
swept,brings,whispered,probably
outside,lice,sorry,cow
barbershop,insists,handful,chicken
partner,tastes,tonight,nice
fish,cough,gathering,bacteria
food,busy,watched,shaped
weeks,loves,porch,rod
suffering,fridge,thinks,mind
second,ice,tried,according
brought,expects,grab,egg
probably,differences,aside,specks
fallen,wishes,seeing,feathers
feathers,thrilled,dreaded,sisi
rotten,magazines,worth,spotted
dirty,fashion,tomorrow,thermometer
feet,shopping,stay,combs
stumbled,dollar,wake,die
underfoot,distracted,punched,list
crunched,donation,bridge,item
leaves,doll,shoulder,cross
killed,young,treats,possibly
defend,seltzer,wo,brightened
beat,engraving,treaters,bed
sorry,bubbles,pill,labeled
color,pumped,guiltily,und
chicken,hoping,drink,expectantly
log,enthusiasm,played,watching
lay,described,continued,confused
path,squares,bill,pick
thinking,presentations,tricks,patting
drained,spoken,watch,urged
practice,bubbled,ready,tell
yards,forgot,bologna,ponytail
bury,passed,bottle,stick
lump,basket,fine,close
bones,pretended,math,blond
collect,fizz,far,glasses
shine,rows,improve,short
shoe,columns,wandered,fresh
shave,smoothly,nerves,hay
giving,dollars,scheduled,tiere
shop,events,o’clock,club
shooting,informed,set,nose
death,list,tables,join
starving,mailing,living,loud
snap,costs,men,chickens
shone,afterward,replied,spoon
forest,money,shame,isolated
branches,breathlessly,spoon,house
red,honored,investigating,read
bare,short,woman,weekend
swear,blessed,length,following
blink,sake,raspy,scheduled
promise,purse,things,corn
notebook,aid,compliments,yellow
step,kit,thin,born
jealous,hike,glasses,chess
states,guilty,eye,annoying
clucked,wave,cat’s,handful
copy,delighted,hair,beim
ribs,refused,single,color
bruise,quote,taken,groups
wash,suffer,splashed,drinking
teas,righteousness,stirred,dappled
soap,hello,women,light
steps,steps,glance,flowers
paying,vague,figure,overflowing
salves,loving,demanded,business
instead,apostle,ask,proudly
nurse,recollection,minor,princesses
mitt,service,setback,sliced
learn,sermon,polite,customers
began,yawning,gently,window
capitals,keeping,chided,balconies
easy,seeing,smoothly,cautiously
breathing,staring,cleaned,wooden
business,circle,plates,stops
growled,decide,cursed,goats
strolled,mention,entertained,lost
snipped,regular,stupid,stall
hanging,change,cream,battle
scar,rest,soft,tapped
choir,behaved,priest,approval
ends,answered,confession,believe
promised,questions,whipped,owner
sing,expected,shut,candles
snapped,reading,sing,pointed
stole,amusing,fuss,sneaked
towels,annoying,heads,parents
soaked,squeezed,poked,direction
shaves,join,muttered,welcomed
pressed,speaking,business,listen
cheeks,direct,publicity,visiting
cool,important,tops,tables
temples,letter,peering,paneling
errands,share,hero,tied
groaned,i.,hope,twigs
squirming,theater,mentioning,bundle
bank,eggs,missed,cabin
tssked,scrambled,feel,afternoon
loudly,toast,tease,log
quickly,roast,choirboys,chattering
hire,cook,syllable,loudly
pounds,welcome,breaking,spun
buyer,postcard,sobs,circles
matter,love,hysterical,football
dollars,device,notes,team
kittens,torture,missing,intently
small,pot,lucky,politely
peeked,seventh,couples,interested
warm,easy,meat,party
bobby’d,mail,invited,knew
neighbors,flyer,copy,folk
snakes,buildings,husband,launched
rope,names,sniffed,nodded
tied,neighbors,interrupted,definitely
bargain,satellites,dear,group
drive,american,dishes,fluent
customer,woman,plump,eighth
pouted,fourth,spill,grade
whispering,ring,blond,played
brings,mumbled,tablecloth,everybody
milk,office,necklace,school
milkman,box,automatically,waited
bobbing,exchange,ugly,arrive
place,spend,lace,paced
weak,post,snob,huddled
current,burned,changing,fire
dark,convinced,realized,grandmother
bumps,taking,susie,lives
shivered,later,cases,fifth
clung,winked,cursing,sounds
tail,dialed,listened,patio
protest,shivered,slept,hysterically
boat,save,speeder,juice
creatures,prepared,winning,sparkling
innocent,speech,grade,pitchers
safely,imagined,prize,rearranged
placing,laid,roses,arranged
kitten,yell,potty,calling
harm,horrible,backed,dress
canoe,exact,bench,familiar
sand,chose,neighbor,monarch
use,cheese,thanks,fluttered
ocean,breath,eighth,reserved
reverend,deep,officer,butterfly
suffer,pimento,sir,families
mooed,munching,curse,taking
grain,pictured,madam,placing
surface,sandwich,unfortunately,baked
bubbles,thick,planted,cried
surely,threw,swearing,satisfied
hell,grumbled,pushed,clumped
puzzled,blouse,lives,approached
cow,wearing,acting,cowgirls
toe,screen,nicer,boring
trouble,coughing,meaner,walking
pleaded,scheduled,teaching,salt
sore,gills,moving,boys
driven,afternoons,disappeared,burst
pasture,enjoy,frozen,sunflowers
dove,owner,labeled,pretended
bright,heads,traffic,wagon
laugh,helping,enviously,covered
strong,hat,wish,doubtfully
question,hit,mad,british
apron,spy,ones,accent
poop,worrying,check,wore
kissing,popcorn,wrote,jean
backwards,velvet,ordered,skirt
jump,machine,infection,t
surfaced,says,temper,sandals
teats,works,irish,happens
strokes,ovaltine,jokes,hiring
bale,seats,ticket,tear
hay,courage,speeding,elementary
glob,swallowed,received,packed
notice,enormous,glared,cookies
fast,shrinking,row,idea
barn,foolhardy,apparently,chip
sermon,risk,shushed,announcement
announced,heck,hours,feel
pulpit,causing,judge,offended
entitled,spill,policeman,needed
dung,floor,daughter,babysitter
sister,baseball,soldiers,excited
crept,familiar,doomed,wo
peace,annoyed,honor,chocolate
listen,harrumphed,hour,penny
protested,pastor,bout,thoughts
bucket,wife,yeah,pennies
grabbed,sharply,giggled,soft
stall,wholesome,laid,crackers
dried,snuck,starched,peanut
luckily,hide,dry,slices
press,notice,cleaner,apple
clean,fear,hall,card
nearest,pulling,tie,airport
tipped,troubled,suit,stay
pew,play,carried,waste
squeezed,sodas,wore,gumball
hungry,allowed,foreman,system
paddled,son,raisin,strength
change,invite,wrinkled,gaining
supplies,protested,littlest,abbey
month,brave,cute,leaves
sheet,concentrated,filling,hesitantly
pulled,bellowed,mealy,starting
skating,arrived,approach,dared
awfully,curb,pocket,adventure
flat,nerve,crook,longed
ice,aisle,vein,softly
mend,single,popping,near
oil,carrying,forehead,courage
satisfied,seat,carrying,road
churchyard,narrow,throwing,ordered
buried,having,balanced,heart
accident,killed,older,pancakes
cleaning,wish,bathroom,strawberry
gun,solve,birthday,sauce
excited,strength,braids,fly
gears,worse,ahead,drop
muddy,clearing,thirteen,groschen
takes,possible,respond,skipping
learned,books,shared,nazis
starting,skipped,tense,teacher
lectured,added,silent,lying
body,wandering,sprinkled,plane
safety,woods,carpet,engagement
north,fool,fibers,schedule
burned,happen,crying,intellectual
army,apple,picking,architecture
surrendered,cue,gruffly,switching
marched,managed,delievered,weekends
rolled,chatting,solved,response
burning,ignore,problems,mumbled
stamping,sweat,sentences,yay
southern,naughty,nurse,known
honor,bandaged,thirty,amazing
imagining,knowing,woods,coffeehouses
dying,stepping,music,center
supper,howdy,pink,rented
cotton,p.m.,remarked,driven
plantation,carry,trusted,usually
sad,cowpoke,means,overseas
schools,cokes,bee,detector
spoke,dogs,sah,promised
wildly,stop,mo,methodical
gesturing,cowboy,ke,touch
balancing,frozen,argue,talked
classroom,hanging,yawned,embarrassed
burn,shove,unpredictable,worries
yellowed,darkness,program,wondering
notes,meeting,happened,starring
droned,lessons,low,daughter
admit,years,stool,sent
hate,loomed,tub,coins
tonic,gives,grin,mail
schoolteacher,lady,wiped,wished
million,factory,towel,asking
forget,owns,flowered,ride
ways,tree,apron,exciting
explain,mane,bun,turkey
possible,squabbling,escaped,seeing
forces,shoe,lots,shortly
chair,carton,bedroom,position
lawman,leaked,sleeping,open
repeated,yolk,young,pool
protecting,recognized,picture,hanging
opened,streetlights,boy,sandwich
fists,trick,frame,complaining
wriggling,treating,family,hungry
fingers,teach,throat,leaving
figure,watched,cleared,pouring
send,egg,bitter,syrup
drown,sew,curled,cleared
education,electric,trouble,throat
experiences,boring,throw,announced
freed,nod,piped,food
wiggled,throwing,whipping,offending
hands,block,concentrate,involves
stump,confessed,normal,cleansing
attached,sheet,language,policy
arithmetic,scared,radio,population
darn,gestured,eldest,shelling
son,fourteen,foreign,gold
sheepishly,bridge,ballad,hoop
rubbing,played,hurt,casual
great,conversations,telling,jeans
grandmother,integrated,late,pea
sunrise,joined,rinsed,flees
dripped,repay,fussing,towns
suds,sliced,upset,leather
losing,overall,book,stuck
dishes,bread,singing,pocket
washed,fairly,sell,blazer
generation,flirting,huddled,class
bent,early,tensely,teen
snickered,pork,backseat,signed
sounding,sandwiches,kindness,jacket
rats,officials,doughnut,linked
squealing,council,lose,curiosity
mice,active,bills,rolled
building,providing, ,bring
pressure,legal,sprang,sweaters
chest,advice,leaves,bunch
contents,crumpled,suspect,speeches
entire,clothes,investigate,gardening
quarter,relatives,yelled,early
tricks,committee,fussed,plant
forever,arrested,nap,tomato
slammed,town,apology,gift
crimes,visit,seven,certificate
committed,exclaimed,dressed,included
introduced,mentioned,days,spell
hey,explain,lost,germans
asleep,helped,snapped,peoples
important,glad,plastic,taped
darkness,ninth,tarp,flyer
scramble,hung,flames,names
bounced,fold,licked,return
jail,dishes,report,governor
thousand,drained,arguments,organizing
handle,wiped,incident,lecture
stirred,corner,busy,geography
pot,injunctions,finished,airplane
drying,protestors,flatly,vigil
furiously,fund,jobs,candlelight
stirring,selfish,apart,protest
stir,won,fishing,forget
drafted,uncaring,skip,bike
lazing,rounds,suggested,learn
washing,cartons,fried,p.m.
hunting,dealing,eaten,fridays
skinny,flew,pan,meets
chipmunk,filed,frying,listening
maid,hopeful,iron,paper
pursed,process,cast,passed
poking,disrupt,crib,agreed
disobeying,deck,pulling,mingle
beak,eighteen,ring,gently
brown,notebook,building,listened
wrinkled,pink,prepared,step
jobs,pinkie,stones,outlining
buckets,ending,winter,petition
spilled,listening,lieutenant,states
eyebrows,bars,mistake,multicultural
arched,stationery,cowboys,printed
starched,count,spoke,hungarian
wondering,fingers,wind,delighted
laundry,notes,parked,excused
butter,labeled,road,prevent
cows,spent,narrow,approvingly
pie,x,shaded,protesting
taught,y,varnished-,policies
pumpkin,finger,casting,restrictive
thankful,scream,rod,hoping
test,cool,cigar,refugees
failed,solving,grip,coming
cleared,unknown,spinning,journalist
moment,discussion,reel,scolded
thrilled,refreshments,lures,rasheed
potatoes,adjourned,fishermen,dating
mashed,fascinating,cane,spoken
drumstick,odd,worried,fails
green,permission,provoke,lovely
beans,arranged,talked,bruises
whining,sole,sternly,vineyards
throat,aim,break,path
subject,reopened,electric,main
woke,integrationist,doctor,internal
dawn,calls,result,detailed
holiday,sign,reinstated,storage
argue,petition,direct,unit
driving,founders,monkey,bikes
grateful,frustrating,funny,push
doctor,chair,fumed,factory
apple,grabbed,boss,bought
share,stands,recess,wineglasses
thoughtful,candidates,intoned,bye
sounds,situation,seriously,	
pat,frustration,graders,bleeding
imitate,resigned,coast,notes
wide,leaders,teasing,helmet
extra,grab,tv,squished
open,cucumber,rigid,breaks
knocking,intention,wrong,grin
interrupted,animal,sardine,suggested
gushed,ark,swallowed,quick
wailing,end,green,wants
towel,idealism,sick,riding
casually,appreciate,pantomimed,borrow
protect,admitting,drawing,pedals
pretending,bit,line,o’clock
win,neat,sewing,sling
suppertime,chairs,button,concert
general,folding,shirts,salesman
eating,fancy,badly,beginning
wasteful,flowers,risk,handsome
bet,clenched,asking,symphony
drowning,tailored,freckle,instructed
bullies,pearls,sniffled,field
rid,hours,clean,fourth
given,public,galloping,sweat
reminded,watch—“just,pounding,lange
remember,leaves,bus,eine
hotel,business,teased,recover
enter,us”—she,practically,sides
goods,wander,scalped,truth
free,tagged,loud,tail
matters,sense,screaming,snake
calling,terrance,homework,eats
tradition,scar,tree,greek
wandered,tripped,elm,circle
orders,stairs,uncertain,cute
street,load,different,lock
cream,clutching,mimeographed,late
fist,sleeve,weekly,sun
pounded,apart,nights,loop
breakfast,introduced,bulletin,ancient
eggs,noon,ago,floral
touched,neighborhood,ran,courtesan
history,phones,banana,parisian
gladly,petitions,indignation,blue
piggy,spending,gasped,print
rides,nasty,pouted,sweetheart
sneak,planning,clip,neck
locked,snickered,palms,cap
action,turkey,pant,tells
lots,dreaming,stains,pack
lunch,warmer,sweat,break
drug,likely,actually,reputation
hamburger,game,scowling,son
float,sleeps,fair,declares
wealthy,simply,sliding,says
switched,wishing,newsman,marry
drivers,wiggled,famous,threatened
ducked,shrugged,investigated,sleeves
newspaper,stumble,fall,young
smelled,reopen,asleep,disown
wreaths,bleachers,repeating,casino
pine,reads,wished,breaking
candles,uppity,stale,yelled
baseballs,pay,shield,pounding
letter,folks,difference,followed
wrote,ringing,boards,syllables
lumpy,locked,apologize,sings
wrapped,great,uh,opening
package,unpacking,special,steamboat
lap,quarter,guessed,guys
pews,gray,fix,dudes
snuck,uncle,garage,hoped
fan,intercepted,cutting,remembering
signed,relief,sanding,tape
carry,else’ll,unlike,occasionally
tease,beating,putting,weekday
shiver,hellos,organized,portion
causing,boyfriend,tools,extra
leaked,miserable,arrested,plot
patches,smart,knowing,brought
sweaters,sounds,tired,waitress
practicing,tousled,wild,cocktail
service,brow,comics,senior
elbows,wiping,heavily,case
grief,laughing,photo,dj
present,loved,framed,try
balls,jacket,bookshelves,refused
winding,draped,build,p.
preacher,shoulders,practiced,exactly
amazed,flyers,wiping,v.
shepherds,responding,slipped,working
beautiful,meadow,olive,thirty
yellow,stamped,doubtfully,cost
sparkles,baked,surplus,scarf
sky,wow,army,dollars
greatest,tumbling,quarter,hours
section,policy,destroy,pictures
juicy,extra,magical,flipping
savored,special,feat,dollar
special,triple,fascinated,coin
oranges,layer,performing,schilling
porcelain,chocolate,hanging,held
bells,making,colic,rainbow
wedding,cake,presents,swirls
rubber,wind,rash,purple
perfume,throne,desperately,check
girly,opportunities,socks,boarding
handkerchief,graduated,sneered,passes
lined,float,developed,match
lion,children,brave,ahead
tamer,minnijean,squat,schillings
ringmaster,suffered,whirled,costs
tapped,parade,dream,ticket
pearls,disguise,highchair,techniques
coaxed,wear,pleaded,crossword
century,courses,nurses,puzzle
slitty,vote,jars,levels
decide,scribbling,switched,deciding
essay,wrote,grace,box
seek,betraying,coffee,precisely
fortune,attend,sip,showtime
afternoons,newspaper,horrible,eighty
studying,owned,diaper,sale
fat,pages,salt,received
script,yesterday,song,slid
helps,stone,cherry,men
country,bunch,imitating,acoustics
trudged,ride,polkaed,offers
holidays,v.,pretzel,popular
written,lawsuit,salty,observed
names,issue,favorite,bitte
roles,theme,weapon,$
assign,hinder,wrinkle,equal
parts,kingdom,ironing,brave
care,community,spending,decision
younger,complicated,tablecloths,second
broad,learned,announced,topics
class,activist,moved,changing
comes,belongs,lines,poor
circus,mayor,turkey,calculation
famous,break,differently,shoving
fantastical,example,social,pushing
thanks,winner,deeper,doors
lions,built,weird,shimmering
tigers,churches,squealed,soprano
taken,guessed,stepped,presented
ignore,prematurely,bake,understood
clowns,blankly,cookies,gathered
elephants,sincere,milk,summary
acrobats,bank,dinnertime,stands
freedom,piggy,him”—he,lining
millions,bet,bells,chunks
prompted,highness,sink,combined
hospital,chalk,piled,ingredients
pointing,dust,breakfast,bows
rehearsing,slapped,popped,joined
scripts,complete,celebrate,tore
brag,promise,dining,gentle
polite,mildly,ironed,lame
uncrossed,sentence,freshly,feels
folded,blurry,patients,goose
sink,squinted,hazel,bumps
rehearse,makes,nose,audience
tugged,tucked,pert,figured
reported,paper,lugged,stains
stage,bite,steps,supertitles
splash,pleased,joy,paid
knowing,counting,angels,suddenly
rip,period,rudolph,transported
appendix,suit,straight,castle
lines,elementary,condition,wiped
hat,bowls,chuck,music
mouth,reign,dug,level
regret,trimmed,revealing,bow
believe,neatly,belly,rearing
slowly,pretend,wool,horses
daughter,pointing,jacket,statues
brightly,tittered,longer,copper
message,prefer,mahogany,stores
sewing,o,spoons,wrong
news,royal,knives,stomped
thirty,gulp,forks,longing
frowned,giggle,polishing,singers
delivered,driving,dreams,thin
march,hovered,dizzy,advertising
lynched,ribbon,despite,waltz
doorknob,tied,cook,slow
concentrate,dark,figured,cheered
pretended,tan,educated,directly
scrambled,lovely,thrilled,pedal
shut,chewing,chattered,decided
retitled,fingernails,rehearsed,drew
changed,mob,death,kind
ring,surrounded,carve,cliché
life,cursed,birds,crossed
animals,eat,bits,exhausted
chatting,breakfast,penknife,repeated
books,punch,oatmeal,hushed
pictures,fruit,problem,simply
seats,weak,dare,answer
velvet,unlike,run,news
plush,surely,struggling,fix
rehearsals,science,snap,soda
acorn,screaming,rubbery,ginger
shopping,humor,chopped,works
sidewalk,building,simmered,village
tent,student,bean,territory
followed,track,dirt,getting
squirrels,bored,dragged,dressed
ham,chalkboard,step,sight
usher,malt,mouth,cursive
tickets,shake,scrubbed,thigh
wants,writing,vacuumed,hope
chattered,deadlocked,beans,pushed
dressed,crowded,gravy,sing
feather,pile,dusted,address
headdresses,spin,roasted,letters
tongue,climbed,ideas,formed
melt,route,scarred,admitted
snowflake,warned,cuts,contained
stairs,threatening,knife,healthy
watermelons,clapping,gleamed,recreate
colorful,shut,chew,sneak
sunlight,impressive,rude,land
blinking,segregationists,land,peacekeeper
bull,humming,desert,forces
bucking,fake,blowing,connected
ringling,beard,tumbleweed,seen
printed,robe,shift,sip
letters,selected,emotions,outskirts
neat,segregationist,disaster,draped
mini,complained,follow,five-
rodeo,neighbor,decide,bottles
basket,ho,determined,paraphrased
burst,ended,softly,studied
riding,moderate,snoring,letter
calf,elected,passed,envelope
roping,reminding,pills,shoulders
cowboy,heartedly,ruin,interrupted
wondered,kicked,pick,dangerous
pouting,announced,loses,knows
birthdays,aloud,polished,refill
celebrate,thanks,planting,zipping
theater,sir,places,ignored
turning,stars,snow,sorry
dozen,expensive,patiently,blacktop
jacket,airplane,slip,worse
excitement,present,’cause,grinned
crowded,moon,glaring,motion
outfits,gazed,whined,sprang
sequined,pine,blushed,chapter
women,stockings,drove,expected
artists,cranberries,sight,rode
trapeze,balls,wheelchair,waitresses
directions,strung,clasped,report
rings,automobile,fleshy,disappoint
separate,branches,trailing,technicolor
benches,weatherman,ushered,sad
enjoyed,scraps,cooed,bars
division,boxes,spanking,hugged
mailed,firmly,insisted,mugs
sweetie,bird,gurgled,postmark
telegram,nah,happily,cope
roar,miracles,playpen,sees
covering,corners,hesitantly,plenty
shot,searching,fingers,needles
braids,socks,trembled,pig
received,cashmere,toy,hate
cloth,beds,chewing,landmarks
patterned,modern,apple,register
hiding,positioned,pamphlet,route
rules,unwrapped,burn,journals
conversations,album,turns,display
interesting,copy,titled,flipped
grownups,twin,hibernation,entry
poems,flight,bolts,raw
storm,ornament,cloth,diaries
cursed,chains,crowded,obviously
sorting,awake,bear,tourists
beads,shaking,thinner,reached
vest,pillow,deck,worried
fringed,point,knocked,bug
saddles,respond,stocking,journal
patching,player,choices,catastrophes
leather,false,slumped,hospital
bits,radar,extra,participate
belt,twinkle,dollar,advanced
mauled,eye,snuck,regretting
stomped,chestnuts,letter,offer
weight,o’clock,instructed,sketch
shifted,roasted,closet,protect
rehearsal,bowl,order,flashed
swaggered,exciting,cell,hot
begged,tail,measuring,pink
thick,taped,mulling,doodling
straight,carved,secret,kit
multicolored,drive,sweetly,bottle
fabric,goofy,attention,map
shiny,wooden,tape,backpack
adding,somebody,measure,aid
plaited,unfolded,practical,course
combed,entitles,keeps,blocks
drilled,record,wear,practiced
loved,use,sounding,downstairs
boots,threatened,coal,carrying
pin,charging,dumped,polka
tie,nickel,gifts,wanting
loaned,plane,investigations,rain
cutting,uniform,armful,cows
yard,clouds,glue,raining
collapsed,rounded,present,dogs
unmoving,men,sisterly,cats
plank,fair,needs,draw
pink,hang,distraction,assistants
final,painted,sled,pecan
perform,chance,easier,ask
feats,hundreds,load,earshot
marksmanship,buttons,compass,hmm
inches,detail,eraser,gelato
shorter,wires,hardly,sundae
removed,doors,brand,golden
tulle,pale,especially,butterscotch
forehead,directly,terrible,trouble
closer,cockpit,hang,demonstrated
fighting,safe,evenings,curtsied
sense,larger,rings,toasted
doorway,wished,linked,groaned
ought,grow,colorful,painter
streamed,houses,broke,pillows
propped,roads,decorate,velvet
gravel,trees,yell,windows
lying,caramel,chains,surrounded
twisted,silly,pencil,padded
odd,airport,suspected,famous
angle,unable,snacks,iced
upright,stewardess,roads,coffee
remained,invention,sand,vanilla
staggered,willed,slowly,specialty
shirt,loud,linking,almonds
fancy,nails,sticking,shop
scurried,smell,basement,welcomes
ordered,possibility,near,chattered
mane,blink,barrier,saw
approached,refusing,girls,leaf
echoed,grown,storming,journey
click,coffee,area,easy
drawl,coke,wooded,benches
aside,dry,knees,cubbies
lasso,grew,floorboards,underneath
hairpins,area,toothbrush,belongings
rubbed,younger,wash,couples
grabbing,forth,rag,basics
shirtsleeve,rocking,aching,completes
pale,higher,branches,gather
squeaked,treats,chain,lawyer
hovered,tables,visits,teaching
crazed,build,job,split
swollen,rockets,ground,fruit
lip,tongue,gamely,bei
charged,shouted,brother,willkommen
crawled,ear,bursting,problems
yarn,metal,trimmed,invitation
imagine,tube,magic,waved
hobbling,nicer,appear,marble
sweeping,selling,lump,decent
leave,cart,threw,dancer
angry,knot,loaded,honor
moonlight,amen,paperboy,great
locking,skin,homemade,expertise
yelling,crawl,excitement,areas
bandaged,itchy,understand,traffic
ankle,lunchtime,waved,oncoming
stitched,assignments,air,cars
raw,far,fir,parked
steak,missing,grinned,fallen
moaned,curious,jacks,ceilings
poultice,blushed,studied,carved
sofa,louder,force,floors
gash,shriller,laugh,counts
cousin,insults,rimmed,apologized
silently,chirped,shoulders,specializes
bawling,apologized,meeting,pineapple
tend,rolled,fears,hawaiian
stitches,volunteered,decorated,lovers
elbert,intended,equally,scary
bruised,dumped,plaid,wove
split,"course—6,049",lap,carpool
kin,divided,smaller,treat
group,winter,trees,squeezed
tonight,engineers,miss,breathe
round,journal,beat,counted
risking,cuter,doll,interest
couch,opener,bouncing,glad
sleep,spots,painted,wallet
colored,body,smelled,tour
gets,experiment,sausage,fact”—dad
comfortable,figure,links,hurried
prongs,dragged,pancakes,square
slingshot,stuff,rummaging,seconds
whittling,project,ending,spare
cage,sis,sinking,train
longing,drags,cringed,cockroach
iron,lie,lower,style
snapper,crash,pew,cobblestone
sheriff,a.k.a,saved,streets
hill,underneath,hoping,paint
grassy,lollipop,insincere,grounds
steep,stealing,sweeping,located
hooked,crashes,stockings,distinctive
fooling,fever,sleigh,certain
responsible,flying,believed,laws
crops,dreamed,younger,cemetery
tucked,postcards,snipping,layers
acting,engraved,clashed,bodies
recently,letters,headline,ground
slept,slipped,drank,monuments
eagle,named,ruined,historical
smudge,anymore,fingered,purchase
slop,radio,fabric,soil
pig,divide,clanking,graves
sees,born,tires,reused
scolding,thirteenth,abandon,piece
worth,doctor,jumps,raised
view,brought,habit,grinning
bird,birthday,brightly,skeleton
leaf,gums,patted,rang
pocket,crept,sparkling,bell
scratches,lower,trash,currency
brush,lip,guilty,require
bees,thirsty,poinsettias,clock
lead,party,dozens,higher
demonstrated,blade,surprise,dream
scrambling,ordered,glad,paraded
warned,satchel,hurry,apostle
uppity,card,garland,chimed
carrying,gasp,model,figurines
baskets,escaping,airplane,smoothly
dumping,curls,lure,faces
lived,scarf,meet,twins
ants,discussing,mantel,double
common,flavors,falling,king
collar,fill,hugged,bedrooms
owned,tutor,candlelight,dipped
thinks,embarrassing,shine,dial
cloud,bathrobe,stronger,older
bronco,gown,drill,representing
blew,ball,stretching,moon
ballerina,silk,sergeant,giant
sniffed,huddled,rationing,cathedral
shaking,wicker,lie,central
awake,delicate,tablets,courtyard
expect,rink,doses,sightsee
anymore,roller,stretches,support
stoop,comic,bother,showing
cowboys,dresses,hobble,positions
clouds,golden,stuck,capital
amazing,color,marry,overthrew
earned,subbing,relieved,peaceful
guns,legs,counted,transition
banana,sharpener,joined,power
uniform,cheating,barking,commonly
tops,whistling,doorway,referred
lungs,entire,daring,shook
nights,tray,foot,shrugged
cap,lemonade,ignored,overnight
bananas,chatted,pants,taxi
ripe,quieter,mortifying,promptly
tossed,hold,screamed,glanced
giggling,flipping,pack,slide
healed,backseat,weeping,uniform
mixing,pressing,appearing,compartment
healing,swell,boomed,independent
biting,excited,led,books
celebrating,library,properly,boarded
entering,mind,discovered,rooms
’cause,inviting,relatives,package
hitched,million,prescribed,biscuits
ride,sits,return,flat
tells,skinny,applied,shortbread
bite,decorations,ointments,backward
commotion,upcoming,changed,forward
edge,creek,bandages,facing
station,wading,heck,koruna
drank,picking,wait,dissolved
stops,forest,escape,conductor
stalks,scoop,doors,mini
load,oak,argued,astronomical
passenger,bunches,suggestions,realized
occasionally,acorns,prevent,returning
truth,clinging,arguing,eagle
bills,sun,skinny,pleasantly
dollar,gold,closed,super
quarters,climb,checkers,expensive
nickels,ugh,game,tablecloths
pennies,pointed,concentrated,waiters
nervous,toes,imagine,tuxedos
weekend,freezing,child,tomorrow
bum,leaning,silence,stable
surprise,sky,coloring,whisper
hobble,hey,main,members
ape,reach,colored,pretend
wheels,branch,stairway,quietly
taste,bigger,person,border
cooking,inches,cousin,a.m.
fry,crawdad,closing,politically
pleasantly,heights,worst,silent
watched,tin,sad,hear
frying,heavy,lick,value
pan,flip,destroyed,fluctuate
hitting,doubtful,reputation,unlikely
spun,stick,sworn,homosexuals
cooks,breathe,advice,persecuting
mark,bent,point,olden
prefect,scooped,upstairs,weather
aimed,jerk,lamely,worn
drawer,hills,picturing,markers
rummaging,rolling,brushed,grave
hip,direction,react,word
pistol,peeking,fits,reports
square,pincher,blow,setting
stomach,paintbrush,soup,glow
punched,jonquils,slight,shadow
fading,crocuses,replacement,decide
bruises,wild,combed,making
purple,field,oldest,guidebook
ashen,warm,pit,freezer
steady,skating,backyard,portable
bullet,stones,jump,connecting
snatched,crevice,match,crosses
weapon,complexion,shown,investigate
equal,learn,stumbled,view
setting,sputtered,gobbled,eager
plucked,raining,slice,rushed
barber,pull,taking,edge
tripped,store,flame,lick
shelf,sniffed,opening,scolding
overturned,skate,lily,broken
fired,lime,tiger,breeze
thrown,growing,lighting,cooling
chance,waltz,balls,phantom
stitch,switched,scrunching,construction
safest,organist,memory,wide
sobbed,lights,erase,lay
patted,leather,blew,ninth
hall,skates,catch,gracefully
struck,smarter,ice,stretching
handsome,dimmed,skater,arches
peaceful,gripped,slightly,decorated
coffin,waltzed,ducked,shimmery
sewed,bouquet,beaten,sunlight
jailhouse,skated,scramble,span
potluck,rose,cracking,intervals
defense,organ,weight,giving
knees,sang,solid,believer
attending,candles,block,numerology
disloyal,victory,froze,auspicious
killing,lap,degrees,palindrome
swore,runner,ways,siberian
judge,thrown,push,surplus
self,calm,reason,shade
scrubbing,buy,admitted,hat
bloodstains,dress,toughness,painting
degree,diagonals,provoked,discussion
finds,frothy,bewildered,sparkled
state,cotton,lane,quote
murder,pair,tripping,laugh
envelope,rent,pushing,blank
jury,dated,stuff,diary
aloud,adding,hit,scenario
sprawl,maximum,spurting,able
peers,presents,drown,heights
guilty,lecture,blood,scared
verdict,comes,lies,child
whisper,brushes,spreading,handle
whites,protractor,racing,worst
absolutely,pencils,makeshift,fears
rose,graph,clothes,psychologist
hang,package,scattered,configuration
main,worn,breathing,writing
balcony,preferred,skated,lines
trusted,natural,faster,comeback
railing,pleaded,skates,blade
splinter,troubles,unseasonably,razor
testify,womanly,warm,seal
true,problem,freezing,finding
newspapermen,shifting,portion,grader
haircut,polka,purposely,woozy
passions,playing,crashed,guides
district,piano,deserved,survival
courtroom,drifted,scrambled,welcome
trial,overheard,glided,teased
father,hates,sending,twist
box,snack,rocks,doubtful
including,disappointed,reaching,truthfully
gauze,creepy,taunted,relax
mask,scholar,decisively,war
flu,drove,exhausted,kidnapped
poster,setting,girl,collection
salve,couples,snowballs,reference
bowed,waltzes,skating,cheerily
kneeled,knows,fooling,creating
screaming,ninety,doubled,filled
toughest,percent,clutching,stockings
cradling,exchanged,strictly,compression
bedside,thread,forbidden,dug
absent,hiccuped,class,keds
transferred,laugh,guts,kicked
execution,aside,hate,nuclear
aspirin,professors,pins,explain
bend,lean,tucked,forgetting
song,balancing,bank,facts
waaaaa,toddler,chatted,math
wearing,type,habits,learning
fever,sponge,giant,gym
cinnamon,stamp,bowling,jungle
glass,child,nuns,falling
baby,district,drying,average
gently,edge,mimeograph,ending
rocked,squeeze,key,drive
scheduled,christian,confident,nicknamed
sickest,paperwork,disrespectful,kick
midnight,spinning,marched,aisles
feverish,heap,stairs,international
jumping,dinning,machine,increases
fit,cradled,peeked,risk
coughing,parlor,grateful,developing
sick,fit,tutor,sprinkles
easier,employees,awake,supplies
couches,courts,pot,nonperishable
sneezing,filing,drunk,exchanged
cots,applications,unfocused,drinks
coughed,membership,embarrassed,bill
missed,bills,smiles,barreling
note,hundredth,assignment,passport
keys,routine,instantly,avoid
reason,blocks,nah,argued
fitful,addressed,approved,handing
horrible,’cause,graduate,danke
rasping,ripping,pity,einen
noises,gets,writes,passageway
families,envelopes,driver,woke
offering,putting,pleasure,crept
drink,envelope,expecting,gute
cup,duties,tapped,café
gasp,finds,slapped,gap
feeling,hummed,halfway,jump
husband,softly,conversation,avoiding
tray,worked,defended,enter
snoring,silently,suffering,briefcase
bowls,cookies,attended,refugee
soup,opinion,sting,hold
yesterday,trust,clearing,bald
whined,worst,honest,completely
smaller,lesson,belt,illegally
dozed,plans,whip,sneaking
pouring,complimented,smudge,broke
stead,washing,lipstick,dumped
broth,twelfth,dish,trash
draped,counter,horrified,passports
pallet,spatula,final,worth
dear,tall,washed,touristy
die,oven,threading,places
piped,opportunity,needle,begun
bites,eating,strode,moaned
delirious,till,messages,quickly
past,milk,receiving,thanking
feed,batch,wife,nochmal
reach,convince,scientists,crazy
cupboard,hopefully,forever,sind
dug,faint,promises,hier
biscuit,sets,swear,nein
stake,goodness,bathrobe,stopping
trusts,fifteenth,mid,bathroom
uncomfortable,follow,sharp,checking
exam,plan,branded,murmured
postal,sentences,chaos,rummaged
funerals,disagree,faking,elevate
alive,agrees,medical,stole
bodies,followed,gash,purpose
stamped,grader,attempt,locate
brakes,dynamite,cause,listener
annoying,sticks,usual,nibbling
praise,squirrel,economy,cookie
touch,intently,cocoa,hurt
spinning,rummaged,vet,teach
impressed,rodents,honked,interrupting
scare,luck,tightly,safely
adult,moly,t,pass
branch,holy,hought,disheveled
snort,recognize,stand,trekking
backseat,halfway,film,entire
blankets,arms,tracks,radio
thousandth,crossed,waist,lucky
coldest,frown,caboose,horrified
believed,shower,hurting,ended
choice,catch,center,wall
praying,longer,grow,therapist
packed,warn,flee,gestured
thermos,goes,protect,passing
coffee,pitcher,gentle,grass
surrounded,renewed,testing,gnomes
steaming,drank,lights,recycling
fever’d,stressful,doctors,cuckoo
mist,fired,listed,edges
cook,principals,flicked,painted
mug,secretaries,barreled,bins
chocolate,tow,chicken,helping
replied,returned,farmer,recommend
exhaled,firing,marquee,pills
confidently,declared,villain,emergency
sacks,quorum,touching,winter
flour,discuss,points,scowled
loading,firings,nursery,speech
parked,ate,trains,plans
lobby,supportive,rooster,meet
needle,fire,calmer,resistance
thread,president,mess,demonstrate
borrowed,including,pfft,space
training,fault,shushing,march
$,targeting,dripping,blah
safe,threats,bubbles,tapestries
doctors,silver,soap,lots
knee,rehire,pinned,infamous
skinned,grandmother,join,information
glove,podium,angry,fashioned
keeps,conclusion,coop,dull
sake,absolutely,railroad,slogan
risk,frustrated,crossing,married
member,believes,melancholia,allied
trusting,reassured,lowered,yell
fainted,views,rope,occupying
key,educator,bump,message
bales,auditorium,moaning,messed
hidden,stage,ages,snapped
bags,listen,treated,cheer
twice,quotation,physician,symbol
blisters,temporary,taught,pull
custom,applauding,plays,cut
weighs,overflowing,alive,hole
loan,film,lectures,wax
ripped,crisis,bandage,thousands
buttons,agree,eggshells,girls
monthly,shown,tiptoeing,fact
oath,traditional,university,irritates
convince,reporting,confused,clothing
discovered,remove,turning,defiled
contact,registered,defeated,killed
rude,serving,voices,raped
weighed,schedule,stiffly,mutilated
deciding,organizing,riding,performers
wrists,willing,saddle,sister
slit,finish,entered,statue
fake,awkward,news,festive
drummed,someday,matted,socially
steering,adds,crept,demonstrating
wheel,cornered,taxi,rights
cell,diagonal,cure,privileges
tonics,purge,neighborhood,expecting
basin,gather,articles,brothers
creams,wrist,brushing,vulnerable
settled,disobey,begging,captain
rods,circulate,mending,extending
chairs,enthusiastic,shaped,festival
lean,cats,ski,injured
alike,forces,cleaning,stampeding
kick,removed,vegetables,worthless
lonely,forbidden,plant,regardless
stink,gulped,sisters,unemployed
rocking,verge,examine,blind
sharecroppers,recall,inch,borders
born,newsstand,tummy,struggle
haircuts,quick,tasty,survive
land,searched,noodle,bishop
low,retain,injury,crowd
lighter,segregated,experienced,slashed
perfect,mixers,psychiatry,apart
profits,race,trained,grenades
dividing,communist,wince,reject
treated,supporting,birth,member
honest,ashamed,events,parliament
means,faces,kindly,rile
happen,slammed,innate,emotions
rooms,scold,tendency,unsolved
cracked,terrified,greatly,unmoved
sharecropping,cheeseburger,exacerbated,remain
penny,onion,major,majority
farming,rings,true,offense
owed,handful,gaunt,schools
catfish,barely,listening,students
milking,cherry,ashen,differently
arrested,bat,plowed,aside
rescued,swearing,dustpan,twinkling
meowing,mistaken,kid,darkness
sleek,ages,steadily,spark
goodnight,skip,wastebasket,plugs
climbed,truthfully,mainly,beauty
pebbles,sides,swept,appeared
mama’d,mothers,crusty,burned
snare,voters,bread,platform
bedroom,contacted,wrinkling,crew
changing,win,truth,camera
pajamas,poll,meetings,speaker
bothered,tax,placing,dramatically
danced,listing,sopped,m
study,addresses,pickle,skin
lantern,frantically,juice,makes
kerosene,round,unlocking,strong
mantel,beamed,guest,wind
squeak,persuasive,beginning,ears
rockers,copied,furious,isolate
brushed,polls,throb,shiver
faded,rides,doorbell,sardines
heading,provide,packed,matches
hammered,organized,letting,dripping
sawed,seventeen,silently,streetcar
singing,tires,moments,follow
candle,letting,jumping,nuns
light,nixed,fallen,press
lit,dropping,ah,running
freeing,takes,packing,supposed
breaking,stacked,accidentally,pager
law,energized,policy,buzzed
snatch,rally,avoiding,hopefully
market,saints,knee,detention
chinese,simple,grader,copy
daylight,greet,approached,denied
poisoned,contacting,speaking,involved
spoon,worth,remembering,signatures
silver,gathering,driving,tile
tea,sinners,horses,heels
staircase,separate,eventually,click
cradled,hesitant,reassuring,offices
cake,signing,tutoring,disappeared
pound,dialing,waited,searched
image,cooking,paying,goulash
sugar,free,saying,info
lid,signatures,lips,photo
dumped,collected,pursed,tapping
remind,handle,stopping,manicured
tremble,recalled,patch,nails
stab,copies,middle,palm
spitting,clerk,reconsidered,demonstrations
slice,county,expulsion,applied
fault,joke,medicine,friendly
scuttled,remind,professor,recognize
raccoon,savables,proudly,quarters
wheelbarrow,mark,wisdom,folded
hide,upper,nursemaid,photocopies
cot,halo,churches,divided
noose,cities,studying,distracted
boost,snatch,resting,lobby
ceiling,key,speaks,piled
slid,nines,city,driving
prison,recite,duet,sheets
practiced,slipping,dreaming,folding
hangman,keys,spires,chairs
studied,easily,housekeeper,concrete
battle,bushes,ended,suche
lock,hiding,trumpet,posted
wake,burly,lasso,copies
trips,lifted,horseback,drawer
buttoned,compelled,hunted,dresser
legs,swelled,outlaws,approximately
morgue,size,outlasted,attend
whiskey,cooked,projector,toothbrush
disgusting,sausages,punishment,doable
sheets,inkling,settled,attended
peed,splitting,cheap,receiver
realistic,touch,restroom,trickier
dipped,celebrate,capital,mouth
stripped,finishing,baseball,thousand
claws,migraine,griddle,heartful
clattering,following,tommy”—she,entered
wriggled,screamed,me—“will,broadly
lugged,glove,food,imagining
lifted,ignition,leading,eagerly
slipping,spread,warning,odd
unbalanced,belongings,prestigious,twin
warn,loose,universities,reunited
beneath,ends,information,laughter
agreed,register,utopian,hugs
gag,crazy,society,reunion
clearly,running,share,trees
bye,compartment,abilities,woods
hoping,shot,prevented,folder
fleshy,hunting,original,deck
hammer,fishing,discussed,vouch
stone,chimed,ideals,demanded
nails,bells,version,yesterday
pry,stolen,labor,younger
dreamt,self,millions,distance
fools,backed,starvation,signature
corpse,allow,disease,hairbrush
condition,hotcake,strange,clothes
gray,entering,act,wisely
bristles,miles,executed,claim
popping,moaned,flakes,jail
patients,wicked,concert,guard
relieved,supporter,country,questions
disappointed,witch,raise,formality
slightly,receiver,moonlight,low
stream,borrow,lightly,patient
tinkle,road,snowing,unclear
sweat,speeches,embarked,headed
joined,listener,witch,falls
rub,squishy,hunt,milkmaid
panted,squish,considered,cards
nail,shoes,viewpoint,dentist
identify,mud,traitor,appointment
certificate,scene,religion,moves
louder,division,outlawed,dizzy
wailed,symmetrical,activities,groceries
colic,perfectly,hug,louder
kindly,fractions,leaned,cleaning
wiped,topic,nightgown,cavity
tears,cloud,memories,enthusiasm
suicide,repeat,comes,i.
grimly,promised,paces,lugged
shame,fail,apologizing,doubted
endure,planned,gravelly,fear
peg,sympathy,factory,propelled
dreams,preview,power,threshold
putting,honeymoon,horrific,estimated
glimpse,spit,remind,easily
byes,peanut,vision,root
ditch,butter,drained,canal
buy,jelly,free,miniature
ticket,wedding,paid,laid
breaths,flair,risks,counting
official,flat,unions,ripping
pillow,particular,learning,covers
fireplace,blinded,unladylike,magazines
papers,grease,sheets,drove
folks,dirt,promise,type
gallows,endearment,offended,prevented
wiping,swoon,alternated,measuring
cornered,whipped,parting,spilled
starve,cream,casserole,archways
funeral,sprinkles,prayers,los
planned,castor,awkwardly,ist
savings,oil,square,bar
leftover,grin,jelly,curved
short,actual,peanut,fitting
actual,involve,spell,professional
suitcase,forgotten,alarm,gloves
contained,excitement,awoke,tails
chin,thrill,bronco,tie
naked,gentleman,bucking,formalwear
beard,mopped,thrown,jitterbug
possessions,mess,itched,hallway
cross,totally,whisper,explore
hitchhike,grossed,ear,tricks
known,date,a.m.,magic
acted,soggy,stretcher,picture
heart,napkins,unthinking,adjustment
blooming,wants,unmoving,final
flowers,partner,rushing,waiter
spring,giggled,wheeled,tray
tapping,photo,sang,ups
toes,reassure,stories,grown
dancing,explosions,stretched,wrapping
speed,occasion,rubbed,gulp
normal,bomb,rocked,ballrooms
track,harm,reception,collided
saving,visible,forth,secluded
fresh,clearly,maple,measures
softened,dad,horn,orchestra
students,yearbook,leaning,instruments
enjoy,considered,office,poking
meeting,hoped,smother,trumpeters
legged,sleeping,cat,respond
stools,wreck,licking,kissed
furniture,steal,kitten,cheeks
paused,famous,stick,paired
grip,argue,sticky,fanfare
belongings,dent,shot,trumpets
garden,seconds,moaned,tuxedo
brains,egging,bloody,rent
mainly,stoop,murder,dustpan
chopping,winding,ball,brooms
bucks,ballot,chest,descended
chop,sample,vowed,tinkling
throwing,mimeographing,squirming,links
thoughts,lots,chance,cuff
banks,clasped,weakly,cummerbunds
hated,warmth,chickens,disco
proud,pleasure,verdict,sea
bounce,rid,stage,protectively
hunters,lately,forgotten,fancy
contest,sad,met,balls
birds,cheered,trembling,liquid
airplane,lose,flu,perfume
aim,lost,frowning,sprayed
thickness,flower,funeral,massive
carpenter,irritated,houses,bowed
shading,tiniest,toothy,gray
shrieked,muffins,cactus,smudge
squirrel,couch,nest,gown
eying,gesturing,hollow,mascara
circles,normal,flyer,covering
flew,broke,flute,procession
waking,yellow,wanting,arms
tables,choked,rehearsing,alcove
joyride,burnt,staying,pale
raced,broken,named,wan
packing,grateful,bald,shaking
leftovers,led,designing,public
avoiding,glared,piece,weakly
pricker,introduce,overcoat,freaked
overnight,sip,date,brief
calluses,wrinkled,flyers,shown
bushes,smoke,typewriter,terse
organized,wafted,object,exchange
addressed,forgetting,gray,hemmed
picnic,handsome,teacher,bedroom
happy,citizens,beneath,restroom
apart,commie,yep,wedding
trunk,flowed,unrolling,waltzing
smoke,pi,rolling,plead
signals,stump,envelope,gripped
trunks,damage,squeaked,forehead
grandchildren,mustache,rocking,petticoat
copying,sucked,wedding,high
smoothed,backyard,guitar,heeled
wrinkles,covered,served,shoes
laid,+,traveling,pulling
pages,factored,refreshments,curls
aunts,juice,hopeful,updo
sims,=,provide,pronouncing
miss,corrected,newly,rich
trapped,filling,formed,stuffy
typing,correctly,fiercely,dresses
handwritten,correct,crossly,patch
struggling,embarrassed,delirious,erased
tracks,haircut,selling,signs
registering,strange,favor,volunteered
locomotive,addition,scoot,mused
experience,equation,scanned,waving
completing,factor,finger,stern
process,nonstop,proud,clearly
editor,cheat,plans,prepared
talented,aunt,cursive,happened
enjoyable,bedroom,sealed,changed
soaring,dream,welcome,appears
rosy,force,position,silver
waited,crashing,goodness,adding
nearby,tiaras,buyer,instances
thrill,diamond,viewing,invisible
sunset,makeup,eyebrows,addition
air,bricks,bushy,tag
stages,exploding,burly,dialogue
kid,results,changes,nodding
readers,rouge,insurance,characters
childhood,cheeks,agent,query
memories,fourths,greeting,global
writing,certainly,files,virtually
grandfather,repaid,sound,especially
wonderful,scraping,quoting,repetition
sparrow,garbage,saloon,instance
gulps,lied,fill,shake
agent,joy,agree,refer
broadly,appointed,crevices,plural
thirteen,x2,organize,consistency
recommend,sidewalk,scoffed,earrings
patched,awkwardly,cool,peeking
nursing,installed,rumor,sentence
rained,pack,keeping,numeral
carp,lion,secrets,similar
reeled,alpha,wonder,changes
squealed,sipping,brush,paragraphs
bawl,limp,scrub,comment
cars,slight,thoughtful,mentioned
rounds,rain,midnight,defines
outdone,glancing,flashed,length
sipped,officers,frowned,mouthed
gossiped,streak,heels,gambling
hinges,hatred,warned,fixed
jaw,blazed,impulsive,recast
string,aware,bathrooms,credibility
perch,hip,harassing,italics
pool,rubbing,nerve,tourism
slithering,slunk,polio,decades
moccasins,roared,workman,pop
lightning,deserved,soda,ring
flash,recent,posse,term
dared,involving,perfume,slur
cast,stronger,pry,considering
lives,files,lake,sodas
eccentric,check,charity,thanks
barked,barked,shadows,actions
demanded,fingertips,surrounding,separate
wave,unlocked,leads,exclamation
signs,protest,earlier,wailed
poured,knocking,darkness,mystery
sunny,lawn,heavy,matched
despite,initials,spring,unfortunately
outs,property,directly,reputable
ears,poor,clarinet,dictionary
fingernails,accused,milkman,online
thumped,spelled,organ,suggests
rat,truck,buffet,halo
wild,stored,dresses,l
rule,hospital,petted,zdravo
umpire,mute,tune,answering
chanting,stirred,theater,disagreement
mood,gain,swaying,refusal
captain,clumsy,measured,meaning
rare,leg,hat,exact
enjoying,army,usher,corridor
royal,passive,borrowed,clarity
banquet,hated,delicious,hello
largest,disconnected,coats,paragraph
fastball,cute,braid,rhinestones
easily,sidekick,pin,description
wider,locker,lapel,unicorn
bases,vicious,winked,spelling
victory,spats,handkerchief,mentions
scanned,actually”—i,weak,plus
lamp,dive,theme,reads
bush,crime,sped,deleted
peaking,wallflower,suits,again”—there
fifth,sharing,proof,mention
mud,listens,trap,pistachios
primary,evidence,forget,shakes
eighth,deserves,continue,nineteen
allowed,charge,von,fit
educated,marching,microphone,em
widow,junior,clapped,dash
shards,highs,beaming,edited
sooner,major,mumbled,repeating
skip,sound,wings,clarify
relax,surprise,gown,correct
sigh,reverse,opera,simplified
fly,protesters,pad,technically
spot,mixing,protested,connection
perfected,politics,bobby,greatest
teaching,received,elegant,miss
divvied,huh,swooshed,specifically
boss,downtown,nines,counseled
,hearts,snipped,spelled
,purged,thread,kl18r17
,flag,league,calendar
,seal,auditorium,cited
,foot,group,shifted
,raise,mile,timeline
,steady,hats,stopover
,determination,bled,squealed
,blocked,fancy,follows
,streets,fitting,mark
,spring,wept,action
,tense,hoped,comma
,burger,alterations,multiple
,rainy,performance,bouquet
,agent,adjustments,nods
,readers,insulted,revisions
,encouragement,independent,affect
,mom,vengeful,assistant
,comments,reckless,female
,o'clock,ad,pox
,emergency,bye,conversation
,acknowledgments,shyly,readers
,pleasant,adventures,routinely
,shop,sidewalk,clean
,staff,gon,student
,fantastic,na,conveyor
,librarians,youth,checked
,countless,oboe,belt
,babysitting,picnic,liking
,deadline,flashing,snack
,household,french,abrupt
,quoting,strength,options
,query,curls,ketchup
,patience,escaping,flowery
,refer,shy,deleting
,ambiguous,rummaged,composed
,glimpse,nervous,stain
,blamed,chirping,longer
,conclusions,beautiful,closet
,cheering,thermos,spending
,swear,barked,unspecified
,endured,sarcastically,shy
,abuse,lunged,sleeve
,sketchy,intelligence,flesh
,era,respectful,confusing
,state,blazed,context
,extreme,cushy,translation
,harassment,bullet,rat
,versions,expects,advice
,daily,pole,citations
,reality,nagging,parenthetical
,express,mouthed,council
,gratitude,hook,smaller
,embattled,installed,larger
,silence,sash,abbreviation
,monkeys,tied,suggest
,sooner,softened,sunglasses
,films,snuggled,wears
,prevent,marshy,skis
,learning,son,gnome
,warriors,renamed,answers
,integrate,distracts,oder
,finding,charms,speaks
,view,unsteady,mistakes
,offices,wonderful,ok
,administrative,musician,steep
,bombs,accordions,acting
,struggle,objection,crepes
,contrast,criticize,described
,bigotry,overwhelmed,glancing
,impression,storm,inconsistent
,sophomore,huff,typo
,remained,floated,guessing
,appreciation,murky,intentional
,deepest,heroes,share
,editor,practice,choice
,hoses,fixed,economical
,amazing,handled,upstairs
,outrageous,situation,breakfast
,city,firefight,cook
,wagon,dots,bags
,campaign,polka,sentences
,obvious,expression,oatmeal
,fiction,paused,gorgeous
,historical,neck,emphasizing
,unavoidable,sacrament,midnight
,eventually,breaths,burger
,convicted,stab,image
,token,canteen,titles
,previous,roared,detail
,linked,firm,beard
,voices,reaction,describe
,drowned,uncertainly,boiled
,queries,offering,bite
,especially,flailed,details
,portrayal,anger,indicates
,accurate,inches,silk
,historically,shutting,numerals
,interviewed,drag,text
,fictional,knocking,handwritten
,characters,worm,adds
,poetic,bait,quotation
,license,slipping,etc
,african,cheek,references
,interviews,hated,usher
,based,grave,ushered
,bombing,bottles,e.g.
,event,cemetery,interrupt
,backdrop,buried,trail
,protagonist,floats,introduced
,published,hugely,present
,organizers,pregnant,impression
,memories,orders,order
,receiving,courtyard,spends
,consider,embarrassing,sights
,limiting,students,pp
,reasons,palm,particular
,compelling,copper,seep
,stories,close,na
,forget,lurked,gon
,bringing,pennies,uncertainty
,scores,booth,appear
,email,elbowing,note
,adults,quipped,blankets
,centered,team,relevant
,volunteering,practicing,agreeing
,flamingos,collected,lessons
,zebras,pressed,dumping
,elephant,halls,reader
,gorillas,squeezed,remind
,types,hint,based
,substitute,darn,possible
,k-3,began,comes
,excellent,easy,events
,interesting,kicked,past
,accounts,form,tense
,fortunate,starting,generally
,create,buds,scarves
,paired,flower,texture
,questioning,base,smooth
,included,everybody,direct
,terribly,cheered,intended
,handled,stumbling,subjunctive
,investigation,painting,wonderful
,ponytail,ceiling,finish
,sounding,dust,indicate
,balanced,plaster,adjusted
,closing,cardboard,stet
,stiffened,climb,immediately
,fears,spotted,contractions
,column,suitcase,uses
,row,lift,aloud
,knocked,gripped,lyrics
,discovered,marveled,hears
,founding,age,inserting
,according,hole,quotes
,settlers,tear,opens
,curlers,mothers,altogether
,handwriting,cars,skipped
,simplest,driveway,secretary
,crisp,rafter,lapse
,straws,dumplings,typically
,senses,potato,trailing
,clean,dusty,interrupts
,latest,gaped,ellipsis
,blank,mouths,crumbling
,marched,krew,missing
,resolved,peel,facial
,personal,attic,earn
,sudden,midair,developments
,dresser,dangling,scenes
,witchcraft,board,kisses
,suppose,tight,finger
,librarian,strides,pressing
,space,careful,pressed
,holidays,railing,crease
,snoring,bothering,eyebrows
,disappear,knows,houses
,chores,shows,consulting
,breathing,clearly,catch
,ticking,confirm,replaced
,squeak,confirmed,shape
,worker,quote,excellent
,saucepan,shrugs,furniture
,boiling,dates,watering
,recipe,reader,partway
,stove,review,quiet
,turns,comment,foremost
,daintily,series,greeting
,plain,broadcast,hiding
,toilets,chops,raced
,tubs,timeline,tablecloth
,scrubbing,era,enroll
,favorite,poignant,confusion
,clock,earn,eggcup
,alarm,sense,understandable
,shone,begun,terms
,uncomfortable,likely,glossary
,orange,absolutely,beamed
,slice,indication,extremely
,shoved,narrative,introduction
,gorilla,dads,classes
,bugs,feels,university
,baby,sundae,fall
,a.,wheel,beams
,ribs,sudden,seventeen
,elbowed,simpler,pinning
,bragged,unlikely,aqua
,stomped,query,adult
,trembling,saturday)—see,pretending
,bossy,field,sentiment
,dancing,holds,screen
,sorts,makes,powdered
,facts,pies,momentarily
,dance,won,interviewing
,sing,previously,exasperated
,elephants,confided,hired
,jumping,biting,ugly
,food,distinguish,reveal
,coaxed,specifically,trousers
,scare,confides,leg
,interests,etc,blood
,understood,spoken,diverse
,cinnamon,ungrammatical,containing
,dash,yr,snoring
,rhino,author,glorified
,hippo,opportunity,gerbils
,singer,recast,animals
,opera,hyphen,ditched
,fans,stet,snores
,smelled,odd,dainty
,varsity,important,declaring
,tuffs,bully,independence
,comb,clarify,fighting
,games,rat,zone
,sticking,beatings,horrible
,ketchup,refuses,happening
,hyenas,cross,dozed
,introduction,purposes,forgotten
,suspicious,resolved,flights
,tests,children,correspondent
,casually,credibility,commercial
,cooed,uniform,french
,landed,navy,region
,dorms,pleated,perspective
,harder,blouse,serve
,patted,matching,views
,proceed,sweater,peace
,gate,scuff,stuffed
,headfirst,relate,shooed
,grabbing,convo,chime
,pleated,formula,county
,pompoms,chapter,stayed
,tissue,title,answered
,homemade,scene,reporter
,players,heighten,misunderstood
,central,scary,bringing
,,community,hung
,,graduation,teenager
,,repetition,offering
,,repetitive,suggestions
,,separated,attends
,,calculations,slight
,,scottish,headscarf
,,invite,wimple
,,phrase,chattery
,,reliable,climbed
,,checking,won
,,spelling,russian
,,au,plain
,,references,mines
,,traditions,castles
,,poem,dorky
,,plenty,hostel
,,chores,oriented
,,kids,girlfriend
,,goes,pumping
,,example,grabbed
,,web,bold
,,quotes,headline
,,k,weird
,,karlmarx379210.html,salmonella
,,ebchecked,thickly
,,☺,spread
,,ce158,cherries
,,slush,plate
,,dickcontinocdslistofsongs.htm,cuts
,,ce144,salamis
,,winded,hams
,,fluffy,basket
,,wdb,poppy
,,pub,container
,,hsi,honey
,,hsi-055.pdf,carafes
,,battle,apricots
,,immigrants,pastries
,,eastern,dozens
,,european,ceramic
,,court,umbrella
,,reeds,diaper
,,bushes,grandpa
,,leafless,cane
,,add,mess
,,affected,cry
,,health,cabinet
,,=,jar
,,downers%20grove&state,size
,,il&zipcode=60515,smallest
,,booming,leftover
,,serial?id,roll
,,milo,unusual
,,radulovich.html,nudity
,,aired,funny
,,reinstatement,um
,,houseandgarden,challenge
,,healed,cheek
,,consider,shirts
,,touch,neon
,,matches,clothespins
,,hesitated,dryer
,,similar,sunshine
,,apologizes,reset
,,refusing,dirt
,,offer,vineyard
,,et,nap
,,organic,trilled
,,pork,writes
,,variations,economics
,,freedom,slept
,,resulted,production
,,defaced,pants
,,crowd,lumpy
,,source,delicious
,,numerous,code
,,sources,account
,,bacon,prompting
,,speech,recording
,,behavior,throw
,,recent,balcony
,,predawn,galley
,,brief,foods
,,distinction,row
,,styled,yard
,,jeep,flower
,,blown,entirely
,,abandoned,prowling
,,dread,yolk
,,bark,asleep
,,jumble,smell
,,bikes,wafted
,,waking,scooped
,,wire,spoonful
,,rescue,awake
,,obediently,guessed
,,fat,embassy
,,christened,naked
,,names,inquired
,,sympathy,prude
,,details,blouse
,,subscription,clunky
,,addresses,dirndl
,,screen,pole
,,exact,kill
,,memorized,properly
,,chanting,glove
,,kneeling,headshot
,,list,suburbs
,,sections,tries
,,twisted,staring
,,wimple,underwear
,,saucer,hatte
,,divided,crypt
,,prayer,egyptian
,,turtle,commander
,,coin,princess
,,shell,captive
,,construction,locked
,,cobblestone,yarn
,,hopscotch,constitution
,,bowing,essays
,,blankly,encourage
,,sentenced,ratify
,,trial,drugstore
,,puzzled,sell
,,angles,mistake
,,jutted,soap
,,sham,modeled
,,tortured,diner
,,jerked,checkerboard
,,slippery,tiles
,,prison,stainless
,,complete,steel
,,leader,booths
,,convicted,ordering
,,spying,awfully
,,announcement,cynical
,,tag,poison
,,notebooks,rounded
,,alike,skinny
,,chalkboard,driver
,,twin,cursed
,,handsome,surprised
,,slug,gesehen
,,reviewing,grüne
,,hysterically,hallo
,,comic,ounces
,,selected,rule
,,composition,coaxed
,,swore,postcard
,,nightmares,trust
,,accident,correctly
,,gasp,e
,,fractions,alphabet
,,aw,realize
,,talker,outraged
,,desk,history
,,pepper,forming
,,writing,defend
,,snickered,invaders
,,resemblance,marching
,,approval,functioning
,,wildly,roof
,,chalk,church
,,ribs,inner
,,elbowed,majestic
,,bell,powerful
,,nudging,mid-1800s
,,signaled,towers
,,gum,constructed
,,owner,cities
,,previous,walls
,,blind,escalator
,,stole,sky
,,dying,fangs
,,lapsed,tall
,,fter,huge
,,tiles,aisle
,,flash,o
,,loot,reclaimed
,,vase,turkish
,,lash,captured
,,villains,cannons
,,ears,originally
,,scratched,largest
,,yo,plastered
,,cowering,wrapped
,,braced,hawked
,,hits,souvenir
,,honestly,foil
,,flushed,causing
,,shaking,crash
,,shake,emigrated
,,cents,musicians
,,bakery,cantors
,,shone,alarm
,,eagerly,museums
,,skinned,wisdom
,,bigger,goddess
,,supermarket,pedestrian
,,recently,winged
,,preferred,button
,,gaze,horse
,,public,
,,fourth,
,,oohing,
,,aahing,
,,crawling,
,,appeared,
,,silly,
,,cover,
,,cartoon,
,,duck,
,,brighter,
,,calves,
,,sore,
,,rear,
,,initial,
,,forward,
,,narrator,
,,marble,
,,lacy,
,,sock,
,,seconds,
,,ticked,
,,indian,
,,pony,
,,buffalo,
,,explode,
,,instinctively,
,,wailed,
,,leaked,
,,tut,
,,tutting,
,,defense,
,,mannequin,
,,hymn,
,,balance,
,,tattle,
,,crawled,
,,civil,
,,underneath,
,,classroom,
,,captured,
,,knuckled,
,,scraped,
,,elbow,
,,nudged,
,,shooter,
,,desks,
,,lip,
,,obvious,
,,compared,
,,sob,
,,wailing,
,,w,
,,stairwell,
,,frustrated,
,,curtain,
,,satchel,
,,number,
,,visitors,
